location,target_end_date,observed,trend
AT,2020-01-25,0,NA
BE,2020-01-25,0,NA
BG,2020-01-25,0,NA
CH,2020-01-25,0,NA
CY,2020-01-25,0,NA
CZ,2020-01-25,0,NA
DE,2020-01-25,0,NA
DK,2020-01-25,0,NA
EE,2020-01-25,0,NA
ES,2020-01-25,0,NA
FI,2020-01-25,0,NA
FR,2020-01-25,0,NA
GB,2020-01-25,0,NA
GR,2020-01-25,0,NA
HR,2020-01-25,0,NA
HU,2020-01-25,0,NA
IE,2020-01-25,0,NA
IS,2020-01-25,0,NA
IT,2020-01-25,0,NA
LI,2020-01-25,0,NA
LT,2020-01-25,0,NA
LU,2020-01-25,0,NA
LV,2020-01-25,0,NA
MT,2020-01-25,0,NA
NL,2020-01-25,0,NA
NO,2020-01-25,0,NA
PL,2020-01-25,0,NA
PT,2020-01-25,0,NA
RO,2020-01-25,0,NA
SE,2020-01-25,0,NA
SI,2020-01-25,0,NA
SK,2020-01-25,0,NA
AT,2020-02-01,0,NA
BE,2020-02-01,0,NA
BG,2020-02-01,0,NA
CH,2020-02-01,0,NA
CY,2020-02-01,0,NA
CZ,2020-02-01,0,NA
DE,2020-02-01,0,NA
DK,2020-02-01,0,NA
EE,2020-02-01,0,NA
ES,2020-02-01,0,NA
FI,2020-02-01,0,NA
FR,2020-02-01,0,NA
GB,2020-02-01,1,NA
GR,2020-02-01,0,NA
HR,2020-02-01,0,NA
HU,2020-02-01,0,NA
IE,2020-02-01,0,NA
IS,2020-02-01,0,NA
IT,2020-02-01,0,NA
LI,2020-02-01,0,NA
LT,2020-02-01,0,NA
LU,2020-02-01,0,NA
LV,2020-02-01,0,NA
MT,2020-02-01,0,NA
NL,2020-02-01,0,NA
NO,2020-02-01,0,NA
PL,2020-02-01,0,NA
PT,2020-02-01,0,NA
RO,2020-02-01,0,NA
SE,2020-02-01,0,NA
SI,2020-02-01,0,NA
SK,2020-02-01,0,NA
AT,2020-02-08,0,NA
BE,2020-02-08,0,NA
BG,2020-02-08,0,NA
CH,2020-02-08,0,NA
CY,2020-02-08,0,NA
CZ,2020-02-08,0,NA
DE,2020-02-08,0,NA
DK,2020-02-08,0,NA
EE,2020-02-08,0,NA
ES,2020-02-08,0,NA
FI,2020-02-08,0,NA
FR,2020-02-08,0,NA
GB,2020-02-08,1,NA
GR,2020-02-08,0,NA
HR,2020-02-08,0,NA
HU,2020-02-08,0,NA
IE,2020-02-08,0,NA
IS,2020-02-08,0,NA
IT,2020-02-08,0,NA
LI,2020-02-08,0,NA
LT,2020-02-08,0,NA
LU,2020-02-08,0,NA
LV,2020-02-08,0,NA
MT,2020-02-08,0,NA
NL,2020-02-08,0,NA
NO,2020-02-08,0,NA
PL,2020-02-08,0,NA
PT,2020-02-08,0,NA
RO,2020-02-08,0,NA
SE,2020-02-08,0,NA
SI,2020-02-08,0,NA
SK,2020-02-08,0,NA
AT,2020-02-15,0,Stable
BE,2020-02-15,0,Stable
BG,2020-02-15,0,Stable
CH,2020-02-15,0,Stable
CY,2020-02-15,0,Stable
CZ,2020-02-15,0,Stable
DE,2020-02-15,0,Stable
DK,2020-02-15,0,Stable
EE,2020-02-15,0,Stable
ES,2020-02-15,0,Stable
FI,2020-02-15,0,Stable
FR,2020-02-15,1,Increasing
GB,2020-02-15,0,Stable
GR,2020-02-15,0,Stable
HR,2020-02-15,0,Stable
HU,2020-02-15,0,Stable
IE,2020-02-15,0,Stable
IS,2020-02-15,0,Stable
IT,2020-02-15,0,Stable
LI,2020-02-15,0,Stable
LT,2020-02-15,0,Stable
LU,2020-02-15,0,Stable
LV,2020-02-15,0,Stable
MT,2020-02-15,0,Stable
NL,2020-02-15,0,Stable
NO,2020-02-15,0,Stable
PL,2020-02-15,0,Stable
PT,2020-02-15,0,Stable
RO,2020-02-15,0,Stable
SE,2020-02-15,0,Stable
SI,2020-02-15,0,Stable
SK,2020-02-15,0,Stable
AT,2020-02-22,0,Stable
BE,2020-02-22,0,Stable
BG,2020-02-22,0,Stable
CH,2020-02-22,0,Stable
CY,2020-02-22,0,Stable
CZ,2020-02-22,0,Stable
DE,2020-02-22,0,Stable
DK,2020-02-22,0,Stable
EE,2020-02-22,0,Stable
ES,2020-02-22,0,Stable
FI,2020-02-22,0,Stable
FR,2020-02-22,0,Stable
GB,2020-02-22,1,Stable
GR,2020-02-22,0,Stable
HR,2020-02-22,0,Stable
HU,2020-02-22,0,Stable
IE,2020-02-22,0,Stable
IS,2020-02-22,0,Stable
IT,2020-02-22,2,Increasing
LI,2020-02-22,0,Stable
LT,2020-02-22,0,Stable
LU,2020-02-22,0,Stable
LV,2020-02-22,0,Stable
MT,2020-02-22,0,Stable
NL,2020-02-22,0,Stable
NO,2020-02-22,0,Stable
PL,2020-02-22,0,Stable
PT,2020-02-22,0,Stable
RO,2020-02-22,0,Stable
SE,2020-02-22,0,Stable
SI,2020-02-22,0,Stable
SK,2020-02-22,0,Stable
AT,2020-02-29,0,Stable
BE,2020-02-29,0,Stable
BG,2020-02-29,0,Stable
CH,2020-02-29,0,Stable
CY,2020-02-29,0,Stable
CZ,2020-02-29,0,Stable
DE,2020-02-29,0,Stable
DK,2020-02-29,0,Stable
EE,2020-02-29,0,Stable
ES,2020-02-29,0,Stable
FI,2020-02-29,0,Stable
FR,2020-02-29,1,Increasing
GB,2020-02-29,0,Decreasing
GR,2020-02-29,0,Stable
HR,2020-02-29,0,Stable
HU,2020-02-29,0,Stable
IE,2020-02-29,0,Stable
IS,2020-02-29,0,Stable
IT,2020-02-29,27,Increasing
LI,2020-02-29,0,Stable
LT,2020-02-29,0,Stable
LU,2020-02-29,0,Stable
LV,2020-02-29,0,Stable
MT,2020-02-29,0,Stable
NL,2020-02-29,0,Stable
NO,2020-02-29,0,Stable
PL,2020-02-29,0,Stable
PT,2020-02-29,0,Stable
RO,2020-02-29,0,Stable
SE,2020-02-29,0,Stable
SI,2020-02-29,0,Stable
SK,2020-02-29,0,Stable
AT,2020-03-07,0,Stable
BE,2020-03-07,0,Stable
BG,2020-03-07,0,Stable
CH,2020-03-07,1,Increasing
CY,2020-03-07,0,Stable
CZ,2020-03-07,0,Stable
DE,2020-03-07,0,Stable
DK,2020-03-07,0,Stable
EE,2020-03-07,0,Stable
ES,2020-03-07,10,Increasing
FI,2020-03-07,1,Increasing
FR,2020-03-07,14,Increasing
GB,2020-03-07,6,Increasing
GR,2020-03-07,0,Stable
HR,2020-03-07,0,Stable
HU,2020-03-07,0,Stable
IE,2020-03-07,0,Stable
IS,2020-03-07,0,Stable
IT,2020-03-07,204,Increasing
LI,2020-03-07,0,Stable
LT,2020-03-07,0,Stable
LU,2020-03-07,0,Stable
LV,2020-03-07,0,Stable
MT,2020-03-07,0,Stable
NL,2020-03-07,1,Increasing
NO,2020-03-07,0,Stable
PL,2020-03-07,0,Stable
PT,2020-03-07,0,Stable
RO,2020-03-07,0,Stable
SE,2020-03-07,0,Stable
SI,2020-03-07,0,Stable
SK,2020-03-07,0,Stable
AT,2020-03-14,1,Increasing
BE,2020-03-14,4,Increasing
BG,2020-03-14,2,Increasing
CH,2020-03-14,13,Increasing
CY,2020-03-14,0,Stable
CZ,2020-03-14,0,Stable
DE,2020-03-14,8,Increasing
DK,2020-03-14,1,Increasing
EE,2020-03-14,0,Stable
ES,2020-03-14,185,Increasing
FI,2020-03-14,1,Increasing
FR,2020-03-14,75,Increasing
GB,2020-03-14,67,Increasing
GR,2020-03-14,3,Increasing
HR,2020-03-14,0,Stable
HU,2020-03-14,0,Stable
IE,2020-03-14,2,Increasing
IS,2020-03-14,0,Stable
IT,2020-03-14,1208,Increasing
LI,2020-03-14,0,Stable
LT,2020-03-14,0,Stable
LU,2020-03-14,1,Increasing
LV,2020-03-14,0,Stable
MT,2020-03-14,0,Stable
NL,2020-03-14,11,Increasing
NO,2020-03-14,3,Increasing
PL,2020-03-14,3,Increasing
PT,2020-03-14,0,Stable
RO,2020-03-14,0,Stable
SE,2020-03-14,5,Increasing
SI,2020-03-14,1,Increasing
SK,2020-03-14,0,Stable
AT,2020-03-21,14,Increasing
BE,2020-03-21,63,Increasing
BG,2020-03-21,1,Increasing
CH,2020-03-21,84,Increasing
CY,2020-03-21,0,Stable
CZ,2020-03-21,0,Stable
DE,2020-03-21,39,Increasing
DK,2020-03-21,12,Increasing
EE,2020-03-21,0,Stable
ES,2020-03-21,1180,Increasing
FI,2020-03-21,6,Increasing
FR,2020-03-21,471,Increasing
GB,2020-03-21,554,Increasing
GR,2020-03-21,10,Increasing
HR,2020-03-21,1,Increasing
HU,2020-03-21,4,Increasing
IE,2020-03-21,1,Increasing
IS,2020-03-21,1,Increasing
IT,2020-03-21,3384,Increasing
LI,2020-03-21,0,Stable
LT,2020-03-21,0,Stable
LU,2020-03-21,7,Increasing
LV,2020-03-21,0,Stable
MT,2020-03-21,0,Stable
NL,2020-03-21,124,Increasing
NO,2020-03-21,4,Increasing
PL,2020-03-21,2,Increasing
PT,2020-03-21,12,Increasing
RO,2020-03-21,0,Stable
SE,2020-03-21,44,Increasing
SI,2020-03-21,0,Stable
SK,2020-03-21,1,Increasing
AT,2020-03-28,66,Increasing
BE,2020-03-28,286,Increasing
BG,2020-03-28,4,Increasing
CH,2020-03-28,231,Increasing
CY,2020-03-28,5,Increasing
CZ,2020-03-28,11,Increasing
DE,2020-03-28,278,Increasing
DK,2020-03-28,52,Increasing
EE,2020-03-28,1,Increasing
ES,2020-03-28,4607,Increasing
FI,2020-03-28,19,Increasing
FR,2020-03-28,1749,Increasing
GB,2020-03-28,2383,Increasing
GR,2020-03-28,9,Increasing
HR,2020-03-28,4,Increasing
HU,2020-03-28,7,Increasing
IE,2020-03-28,33,Increasing
IS,2020-03-28,1,Increasing
IT,2020-03-28,5198,Increasing
LI,2020-03-28,0,Stable
LT,2020-03-28,4,Increasing
LU,2020-03-28,10,Increasing
LV,2020-03-28,0,Stable
MT,2020-03-28,0,Stable
NL,2020-03-28,503,Increasing
NO,2020-03-28,16,Increasing
PL,2020-03-28,13,Increasing
PT,2020-03-28,88,Increasing
RO,2020-03-28,37,Increasing
SE,2020-03-28,190,Increasing
SI,2020-03-28,8,Increasing
SK,2020-03-28,NA,NA
AT,2020-04-04,124,Increasing
BE,2020-04-04,930,Increasing
BG,2020-04-04,10,Increasing
CH,2020-04-04,390,Increasing
CY,2020-04-04,4,Increasing
CZ,2020-04-04,48,Increasing
DE,2020-04-04,833,Increasing
DK,2020-04-04,96,Increasing
EE,2020-04-04,12,Increasing
ES,2020-04-04,5965,Increasing
FI,2020-04-04,46,Increasing
FR,2020-04-04,5237,Increasing
GB,2020-04-04,6267,Increasing
GR,2020-04-04,46,Increasing
HR,2020-04-04,7,Increasing
HU,2020-04-04,21,Increasing
IE,2020-04-04,101,Increasing
IS,2020-04-04,2,Increasing
IT,2020-04-04,5339,Increasing
LI,2020-04-04,1,Increasing
LT,2020-04-04,3,Increasing
LU,2020-04-04,13,Increasing
LV,2020-04-04,1,Increasing
MT,2020-04-04,0,Stable
NL,2020-04-04,1012,Increasing
NO,2020-04-04,39,Increasing
PL,2020-04-04,61,Increasing
PT,2020-04-04,166,Increasing
RO,2020-04-04,109,Increasing
SE,2020-04-04,134,Increasing
SI,2020-04-04,13,Increasing
SK,2020-04-04,1,NA
AT,2020-04-11,159,Increasing
BE,2020-04-11,2063,Increasing
BG,2020-04-11,11,Increasing
CH,2020-04-11,368,Increasing
CY,2020-04-11,1,Increasing
CZ,2020-04-11,70,Increasing
DE,2020-04-11,1386,Increasing
DK,2020-04-11,99,Increasing
EE,2020-04-11,11,Increasing
ES,2020-04-11,4659,Increasing
FI,2020-04-11,60,Increasing
FR,2020-04-11,6268,Increasing
GB,2020-04-11,9203,Increasing
GR,2020-04-11,25,Increasing
HR,2020-04-11,9,Increasing
HU,2020-04-11,53,Increasing
IE,2020-04-11,183,Increasing
IS,2020-04-11,4,Increasing
IT,2020-04-11,4106,Increasing
LI,2020-04-11,0,Stable
LT,2020-04-11,6,Increasing
LU,2020-04-11,31,Increasing
LV,2020-04-11,2,Increasing
MT,2020-04-11,3,Increasing
NL,2020-04-11,992,Increasing
NO,2020-04-11,57,Increasing
PL,2020-04-11,129,Increasing
PT,2020-04-11,204,Increasing
RO,2020-04-11,145,Increasing
SE,2020-04-11,514,Increasing
SI,2020-04-11,28,Increasing
SK,2020-04-11,1,NA
AT,2020-04-18,125,Increasing
BE,2020-04-18,2107,Increasing
BG,2020-04-18,13,Increasing
CH,2020-04-18,279,Stable
CY,2020-04-18,2,Decreasing
CZ,2020-04-18,52,Increasing
DE,2020-04-18,1566,Increasing
DK,2020-04-18,86,Increasing
EE,2020-04-18,14,Increasing
ES,2020-04-18,3437,Decreasing
FI,2020-04-18,72,Increasing
FR,2020-04-18,5467,Increasing
GB,2020-04-18,8923,Increasing
GR,2020-04-18,17,Increasing
HR,2020-04-18,18,Increasing
HU,2020-04-18,87,Increasing
IE,2020-04-18,251,Increasing
IS,2020-04-18,1,Stable
IT,2020-04-18,3759,Decreasing
LI,2020-04-18,0,Stable
LT,2020-04-18,9,Increasing
LU,2020-04-18,10,Stable
LV,2020-04-18,2,Increasing
MT,2020-04-18,0,Stable
NL,2020-04-18,958,Increasing
NO,2020-04-18,45,Increasing
PL,2020-04-18,139,Increasing
PT,2020-04-18,217,Increasing
RO,2020-04-18,130,Increasing
SE,2020-04-18,624,Increasing
SI,2020-04-18,20,Increasing
SK,2020-04-18,9,NA
AT,2020-04-25,95,Decreasing
BE,2020-04-25,1464,Increasing
BG,2020-04-25,14,Increasing
CH,2020-04-25,215,Decreasing
CY,2020-04-25,2,Decreasing
CZ,2020-04-25,37,Decreasing
DE,2020-04-25,1390,Increasing
DK,2020-04-25,72,Decreasing
EE,2020-04-25,8,Decreasing
ES,2020-04-25,2859,Decreasing
FI,2020-04-25,36,Decreasing
FR,2020-04-25,3271,Decreasing
GB,2020-04-25,7431,Stable
GR,2020-04-25,20,Decreasing
HR,2020-04-25,15,Increasing
HU,2020-04-25,90,Increasing
IE,2020-04-25,492,Increasing
IS,2020-04-25,1,Decreasing
IT,2020-04-25,3157,Decreasing
LI,2020-04-25,0,Decreasing
LT,2020-04-25,7,Increasing
LU,2020-04-25,13,Stable
LV,2020-04-25,7,Increasing
MT,2020-04-25,1,Increasing
NL,2020-04-25,808,Decreasing
NO,2020-04-25,37,Stable
PL,2020-04-25,177,Increasing
PT,2020-04-25,193,Stable
RO,2020-04-25,180,Increasing
SE,2020-04-25,681,Increasing
SI,2020-04-25,11,Stable
SK,2020-04-25,6,Increasing
AT,2020-05-02,65,Decreasing
BE,2020-05-02,848,Decreasing
BG,2020-05-02,17,Increasing
CH,2020-05-02,107,Decreasing
CY,2020-05-02,1,Stable
CZ,2020-05-02,27,Decreasing
DE,2020-05-02,1075,Decreasing
DK,2020-05-02,57,Decreasing
EE,2020-05-02,7,Decreasing
ES,2020-05-02,2198,Decreasing
FI,2020-05-02,21,Decreasing
FR,2020-05-02,2175,Decreasing
GB,2020-05-02,5649,Decreasing
GR,2020-05-02,13,Decreasing
HR,2020-05-02,23,Increasing
HU,2020-05-02,73,Increasing
IE,2020-05-02,223,Stable
IS,2020-05-02,0,Decreasing
IT,2020-05-02,2326,Decreasing
LI,2020-05-02,0,Stable
LT,2020-05-02,4,Decreasing
LU,2020-05-02,7,Decreasing
LV,2020-05-02,4,Increasing
MT,2020-05-02,0,Decreasing
NL,2020-05-02,578,Decreasing
NO,2020-05-02,10,Decreasing
PL,2020-05-02,140,Stable
PT,2020-05-02,143,Decreasing
RO,2020-05-02,170,Increasing
SE,2020-05-02,477,Stable
SI,2020-05-02,13,Decreasing
SK,2020-05-02,7,Increasing
AT,2020-05-09,34,Decreasing
BE,2020-05-09,816,Decreasing
BG,2020-05-09,18,Increasing
CH,2020-05-09,57,Decreasing
CY,2020-05-09,0,Decreasing
CZ,2020-05-09,31,Decreasing
DE,2020-05-09,794,Decreasing
DK,2020-05-09,51,Decreasing
EE,2020-05-09,7,Decreasing
ES,2020-05-09,1378,Decreasing
FI,2020-05-09,27,Decreasing
FR,2020-05-09,1542,Decreasing
GB,2020-05-09,4346,Decreasing
GR,2020-05-09,8,Decreasing
HR,2020-05-09,10,Decreasing
HU,2020-05-09,70,Decreasing
IE,2020-05-09,160,Decreasing
IS,2020-05-09,0,Decreasing
IT,2020-05-09,1685,Decreasing
LI,2020-05-09,0,Stable
LT,2020-05-09,2,Decreasing
LU,2020-05-09,9,Stable
LV,2020-05-09,2,Stable
MT,2020-05-09,1,Increasing
NL,2020-05-09,435,Decreasing
NO,2020-05-09,8,Decreasing
PL,2020-05-09,121,Stable
PT,2020-05-09,103,Decreasing
RO,2020-05-09,168,Increasing
SE,2020-05-09,551,Stable
SI,2020-05-09,7,Decreasing
SK,2020-05-09,2,Decreasing
AT,2020-05-16,26,Decreasing
BE,2020-05-16,424,Decreasing
BG,2020-05-16,15,Stable
CH,2020-05-16,23,Decreasing
CY,2020-05-16,2,Stable
CZ,2020-05-16,20,Decreasing
DE,2020-05-16,512,Decreasing
DK,2020-05-16,17,Decreasing
EE,2020-05-16,3,Decreasing
ES,2020-05-16,1085,Decreasing
FI,2020-05-16,8,Decreasing
FR,2020-05-16,1310,Decreasing
GB,2020-05-16,3122,Decreasing
GR,2020-05-16,11,Decreasing
HR,2020-05-16,8,Decreasing
HU,2020-05-16,43,Decreasing
IE,2020-05-16,87,Decreasing
IS,2020-05-16,0,Decreasing
IT,2020-05-16,1368,Decreasing
LI,2020-05-16,0,Stable
LT,2020-05-16,7,Stable
LU,2020-05-16,3,Decreasing
LV,2020-05-16,1,Decreasing
MT,2020-05-16,1,Stable
NL,2020-05-16,248,Decreasing
NO,2020-05-16,13,Decreasing
PL,2020-05-16,130,Decreasing
PT,2020-05-16,77,Decreasing
RO,2020-05-16,155,Stable
SE,2020-05-16,454,Decreasing
SI,2020-05-16,2,Decreasing
SK,2020-05-16,2,Decreasing
AT,2020-05-23,15,Decreasing
BE,2020-05-23,232,Decreasing
BG,2020-05-23,21,Increasing
CH,2020-05-23,21,Decreasing
CY,2020-05-23,0,Decreasing
CZ,2020-05-23,18,Decreasing
DE,2020-05-23,335,Decreasing
DK,2020-05-23,18,Decreasing
EE,2020-05-23,1,Decreasing
ES,2020-05-23,1115,Decreasing
FI,2020-05-23,6,Decreasing
FR,2020-05-23,820,Decreasing
GB,2020-05-23,2435,Decreasing
GR,2020-05-23,9,Decreasing
HR,2020-05-23,4,Decreasing
HU,2020-05-23,34,Decreasing
IE,2020-05-23,71,Decreasing
IS,2020-05-23,0,Stable
IT,2020-05-23,972,Decreasing
LI,2020-05-23,0,Stable
LT,2020-05-23,5,Increasing
LU,2020-05-23,5,Decreasing
LV,2020-05-23,3,Decreasing
MT,2020-05-23,0,Stable
NL,2020-05-23,141,Decreasing
NO,2020-05-23,3,Decreasing
PL,2020-05-23,78,Decreasing
PT,2020-05-23,99,Decreasing
RO,2020-05-23,82,Decreasing
SE,2020-05-23,318,Decreasing
SI,2020-05-23,3,Decreasing
SK,2020-05-23,0,Decreasing
AT,2020-05-30,15,Decreasing
BE,2020-05-30,216,Decreasing
BG,2020-05-30,13,Decreasing
CH,2020-05-30,7,Decreasing
CY,2020-05-30,0,Stable
CZ,2020-05-30,5,Decreasing
DE,2020-05-30,273,Decreasing
DK,2020-05-30,10,Decreasing
EE,2020-05-30,3,Decreasing
ES,2020-05-30,NA,NA
FI,2020-05-30,2,Decreasing
FR,2020-05-30,319,Decreasing
GB,2020-05-30,1903,Decreasing
GR,2020-05-30,4,Decreasing
HR,2020-05-30,4,Decreasing
HU,2020-05-30,42,Decreasing
IE,2020-05-30,47,Decreasing
IS,2020-05-30,0,Stable
IT,2020-05-30,605,Decreasing
LI,2020-05-30,0,Stable
LT,2020-05-30,7,Increasing
LU,2020-05-30,1,Decreasing
LV,2020-05-30,2,Stable
MT,2020-05-30,3,Increasing
NL,2020-05-30,140,Decreasing
NO,2020-05-30,1,Decreasing
PL,2020-05-30,68,Decreasing
PT,2020-05-30,94,Stable
RO,2020-05-30,83,Decreasing
SE,2020-05-30,403,Decreasing
SI,2020-05-30,2,Decreasing
SK,2020-05-30,0,Decreasing
AT,2020-06-06,17,Decreasing
BE,2020-06-06,127,Decreasing
BG,2020-06-06,21,Increasing
CH,2020-06-06,0,Decreasing
CY,2020-06-06,0,Decreasing
CZ,2020-06-06,8,Decreasing
DE,2020-06-06,157,Decreasing
DK,2020-06-06,16,Stable
EE,2020-06-06,2,Decreasing
ES,2020-06-06,10,NA
FI,2020-06-06,0,Decreasing
FR,2020-06-06,367,Decreasing
GB,2020-06-06,1348,Decreasing
GR,2020-06-06,7,Decreasing
HR,2020-06-06,1,Decreasing
HU,2020-06-06,21,Decreasing
IE,2020-06-06,27,Decreasing
IS,2020-06-06,0,Stable
IT,2020-06-06,506,Decreasing
LI,2020-06-06,0,Stable
LT,2020-06-06,1,Decreasing
LU,2020-06-06,0,Decreasing
LV,2020-06-06,1,Stable
MT,2020-06-06,0,Decreasing
NL,2020-06-06,60,Decreasing
NO,2020-06-06,2,Decreasing
PL,2020-06-06,92,Decreasing
PT,2020-06-06,78,Stable
RO,2020-06-06,63,Decreasing
SE,2020-06-06,261,Decreasing
SI,2020-06-06,1,Decreasing
SK,2020-06-06,0,Decreasing
AT,2020-06-13,12,Decreasing
BE,2020-06-13,70,Decreasing
BG,2020-06-13,12,Decreasing
CH,2020-06-13,6,Decreasing
CY,2020-06-13,1,Increasing
CZ,2020-06-13,1,Decreasing
DE,2020-06-13,135,Decreasing
DK,2020-06-13,10,Decreasing
EE,2020-06-13,0,Decreasing
ES,2020-06-13,1,NA
FI,2020-06-13,0,Decreasing
FR,2020-06-13,252,Decreasing
GB,2020-06-13,984,Decreasing
GR,2020-06-13,1,Decreasing
HR,2020-06-13,3,Decreasing
HU,2020-06-13,14,Decreasing
IE,2020-06-13,27,Decreasing
IS,2020-06-13,0,Stable
IT,2020-06-13,455,Decreasing
LI,2020-06-13,0,Stable
LT,2020-06-13,4,Decreasing
LU,2020-06-13,0,Decreasing
LV,2020-06-13,3,Stable
MT,2020-06-13,0,Stable
NL,2020-06-13,46,Decreasing
NO,2020-06-13,4,Increasing
PL,2020-06-13,84,Stable
PT,2020-06-13,38,Decreasing
RO,2020-06-13,72,Stable
SE,2020-06-13,218,Decreasing
SI,2020-06-13,0,Decreasing
SK,2020-06-13,0,Stable
AT,2020-06-20,18,Increasing
BE,2020-06-20,46,Decreasing
BG,2020-06-20,27,Increasing
CH,2020-06-20,3,Decreasing
CY,2020-06-20,1,Increasing
CZ,2020-06-20,8,Increasing
DE,2020-06-20,102,Decreasing
DK,2020-06-20,3,Decreasing
EE,2020-06-20,0,Decreasing
ES,2020-06-20,1186,NA
FI,2020-06-20,0,Decreasing
FR,2020-06-20,231,Decreasing
GB,2020-06-20,733,Decreasing
GR,2020-06-20,7,Increasing
HR,2020-06-20,0,Decreasing
HU,2020-06-20,11,Decreasing
IE,2020-06-20,10,Decreasing
IS,2020-06-20,0,Stable
IT,2020-06-20,309,Decreasing
LI,2020-06-20,0,Stable
LT,2020-06-20,1,Decreasing
LU,2020-06-20,0,Decreasing
LV,2020-06-20,2,Stable
MT,2020-06-20,0,Decreasing
NL,2020-06-20,32,Decreasing
NO,2020-06-20,2,Increasing
PL,2020-06-20,109,Increasing
PT,2020-06-20,16,Decreasing
RO,2020-06-20,106,Increasing
SE,2020-06-20,179,Decreasing
SI,2020-06-20,0,Decreasing
SK,2020-06-20,0,Stable
AT,2020-06-27,18,Stable
BE,2020-06-27,36,Decreasing
BG,2020-06-27,17,Decreasing
CH,2020-06-27,3,Increasing
CY,2020-06-27,0,Stable
CZ,2020-06-27,13,Increasing
DE,2020-06-27,71,Decreasing
DK,2020-06-27,4,Decreasing
EE,2020-06-27,0,Decreasing
ES,2020-06-27,19,Stable
FI,2020-06-27,3,Increasing
FR,2020-06-27,134,Decreasing
GB,2020-06-27,621,Decreasing
GR,2020-06-27,1,Decreasing
HR,2020-06-27,0,Decreasing
HU,2020-06-27,8,Decreasing
IE,2020-06-27,19,Decreasing
IS,2020-06-27,0,Stable
IT,2020-06-27,106,Decreasing
LI,2020-06-27,0,Stable
LT,2020-06-27,1,Stable
LU,2020-06-27,0,Stable
LV,2020-06-27,0,Decreasing
MT,2020-06-27,0,Stable
NL,2020-06-27,16,Decreasing
NO,2020-06-27,5,Increasing
PL,2020-06-27,89,Stable
PT,2020-06-27,33,Decreasing
RO,2020-06-27,89,Increasing
SE,2020-06-27,227,Decreasing
SI,2020-06-27,0,Decreasing
SK,2020-06-27,0,Stable
AT,2020-07-04,11,Stable
BE,2020-07-04,39,Decreasing
BG,2020-07-04,25,Increasing
CH,2020-07-04,2,Decreasing
CY,2020-07-04,0,Decreasing
CZ,2020-07-04,2,Stable
DE,2020-07-04,56,Decreasing
DK,2020-07-04,2,Decreasing
EE,2020-07-04,0,Stable
ES,2020-07-04,44,Stable
FI,2020-07-04,1,Increasing
FR,2020-07-04,108,Decreasing
GB,2020-07-04,436,Decreasing
GR,2020-07-04,1,Stable
HR,2020-07-04,6,Increasing
HU,2020-07-04,11,Decreasing
IE,2020-07-04,7,Decreasing
IS,2020-07-04,0,Stable
IT,2020-07-04,138,Decreasing
LI,2020-07-04,0,Stable
LT,2020-07-04,1,Decreasing
LU,2020-07-04,0,Stable
LV,2020-07-04,0,Decreasing
MT,2020-07-04,0,Stable
NL,2020-07-04,21,Decreasing
NO,2020-07-04,2,Decreasing
PL,2020-07-04,77,Stable
PT,2020-07-04,44,Increasing
RO,2020-07-04,142,Increasing
SE,2020-07-04,140,Decreasing
SI,2020-07-04,2,Increasing
SK,2020-07-04,0,Stable
AT,2020-07-11,6,Decreasing
BE,2020-07-11,11,Decreasing
BG,2020-07-11,26,Stable
CH,2020-07-11,3,Stable
CY,2020-07-11,0,Decreasing
CZ,2020-07-11,1,Decreasing
DE,2020-07-11,50,Decreasing
DK,2020-07-11,3,Stable
EE,2020-07-11,0,Stable
ES,2020-07-11,18,Decreasing
FI,2020-07-11,0,Stable
FR,2020-07-11,102,Decreasing
GB,2020-07-11,339,Decreasing
GR,2020-07-11,1,Decreasing
HR,2020-07-11,5,Increasing
HU,2020-07-11,6,Decreasing
IE,2020-07-11,5,Decreasing
IS,2020-07-11,0,Stable
IT,2020-07-11,91,Decreasing
LI,2020-07-11,0,Stable
LT,2020-07-11,0,Decreasing
LU,2020-07-11,0,Stable
LV,2020-07-11,0,Decreasing
MT,2020-07-11,0,Stable
NL,2020-07-11,11,Decreasing
NO,2020-07-11,1,Decreasing
PL,2020-07-11,56,Decreasing
PT,2020-07-11,49,Increasing
RO,2020-07-11,140,Increasing
SE,2020-07-11,106,Decreasing
SI,2020-07-11,0,Stable
SK,2020-07-11,0,Stable
AT,2020-07-18,10,Decreasing
BE,2020-07-18,18,Decreasing
BG,2020-07-18,32,Increasing
CH,2020-07-18,2,Decreasing
CY,2020-07-18,0,Stable
CZ,2020-07-18,6,Decreasing
DE,2020-07-18,23,Decreasing
DK,2020-07-18,2,Decreasing
EE,2020-07-18,0,Stable
ES,2020-07-18,17,Stable
FI,2020-07-18,0,Decreasing
FR,2020-07-18,135,Stable
GB,2020-07-18,246,Decreasing
GR,2020-07-18,1,Stable
HR,2020-07-18,2,Increasing
HU,2020-07-18,1,Decreasing
IE,2020-07-18,7,Decreasing
IS,2020-07-18,0,Stable
IT,2020-07-18,97,Stable
LI,2020-07-18,0,Stable
LT,2020-07-18,1,Stable
LU,2020-07-18,1,Increasing
LV,2020-07-18,1,Increasing
MT,2020-07-18,0,Stable
NL,2020-07-18,NA,NA
NO,2020-07-18,3,Decreasing
PL,2020-07-18,50,Decreasing
PT,2020-07-18,30,Stable
RO,2020-07-18,138,Increasing
SE,2020-07-18,93,Decreasing
SI,2020-07-18,0,Stable
SK,2020-07-18,0,Stable
AT,2020-07-25,11,Stable
BE,2020-07-25,21,Decreasing
BG,2020-07-25,39,Increasing
CH,2020-07-25,7,Increasing
CY,2020-07-25,0,Stable
CZ,2020-07-25,11,Increasing
DE,2020-07-25,35,Decreasing
DK,2020-07-25,2,Stable
EE,2020-07-25,0,Stable
ES,2020-07-25,12,Decreasing
FI,2020-07-25,1,Stable
FR,2020-07-25,33,Decreasing
GB,2020-07-25,198,Decreasing
GR,2020-07-25,7,Increasing
HR,2020-07-25,13,Increasing
HU,2020-07-25,0,Decreasing
IE,2020-07-25,11,Increasing
IS,2020-07-25,0,Stable
IT,2020-07-25,60,Decreasing
LI,2020-07-25,0,Stable
LT,2020-07-25,0,Decreasing
LU,2020-07-25,1,Increasing
LV,2020-07-25,0,Stable
MT,2020-07-25,0,Stable
NL,2020-07-25,4,NA
NO,2020-07-25,0,Decreasing
PL,2020-07-25,46,Decreasing
PT,2020-07-25,32,Decreasing
RO,2020-07-25,156,Stable
SE,2020-07-25,78,Decreasing
SI,2020-07-25,5,Increasing
SK,2020-07-25,0,Stable
AT,2020-08-01,10,Increasing
BE,2020-08-01,24,Increasing
BG,2020-08-01,47,Increasing
CH,2020-08-01,6,Increasing
CY,2020-08-01,0,Stable
CZ,2020-08-01,14,Increasing
DE,2020-08-01,30,Decreasing
DK,2020-08-01,2,Decreasing
EE,2020-08-01,0,Stable
ES,2020-08-01,13,Decreasing
FI,2020-08-01,2,Increasing
FR,2020-08-01,68,Decreasing
GB,2020-08-01,172,Decreasing
GR,2020-08-01,5,Increasing
HR,2020-08-01,12,Increasing
HU,2020-08-01,1,Decreasing
IE,2020-08-01,NA,NA
IS,2020-08-01,0,Stable
IT,2020-08-01,44,Decreasing
LI,2020-08-01,0,Stable
LT,2020-08-01,0,Stable
LU,2020-08-01,4,Increasing
LV,2020-08-01,1,Increasing
MT,2020-08-01,0,Stable
NL,2020-08-01,8,NA
NO,2020-08-01,0,Decreasing
PL,2020-08-01,57,Stable
PT,2020-08-01,21,Decreasing
RO,2020-08-01,214,Increasing
SE,2020-08-01,46,Decreasing
SI,2020-08-01,3,Increasing
SK,2020-08-01,1,Increasing
AT,2020-08-08,14,Increasing
BE,2020-08-08,25,Increasing
BG,2020-08-08,60,Increasing
CH,2020-08-08,5,Increasing
CY,2020-08-08,0,Stable
CZ,2020-08-08,6,Stable
DE,2020-08-08,47,Increasing
DK,2020-08-08,2,Stable
EE,2020-08-08,NA,NA
ES,2020-08-08,58,Increasing
FI,2020-08-08,1,Increasing
FR,2020-08-08,54,Decreasing
GB,2020-08-08,147,Decreasing
GR,2020-08-08,5,Increasing
HR,2020-08-08,12,Increasing
HU,2020-08-08,5,Increasing
IE,2020-08-08,9,NA
IS,2020-08-08,0,Stable
IT,2020-08-08,57,Decreasing
LI,2020-08-08,0,Stable
LT,2020-08-08,1,Stable
LU,2020-08-08,4,Increasing
LV,2020-08-08,0,Decreasing
MT,2020-08-08,0,Stable
NL,2020-08-08,9,NA
NO,2020-08-08,1,Decreasing
PL,2020-08-08,79,Increasing
PT,2020-08-08,13,Decreasing
RO,2020-08-08,280,Increasing
SE,2020-08-08,20,Decreasing
SI,2020-08-08,7,Increasing
SK,2020-08-08,2,Increasing
AT,2020-08-15,14,Increasing
BE,2020-08-15,65,Increasing
BG,2020-08-15,50,Increasing
CH,2020-08-15,5,Decreasing
CY,2020-08-15,1,Increasing
CZ,2020-08-15,6,Decreasing
DE,2020-08-15,36,Stable
DK,2020-08-15,4,Increasing
EE,2020-08-15,0,NA
ES,2020-08-15,114,Increasing
FI,2020-08-15,0,Decreasing
FR,2020-08-15,78,Increasing
GB,2020-08-15,152,Decreasing
GR,2020-08-15,15,Increasing
HR,2020-08-15,8,Decreasing
HU,2020-08-15,5,Increasing
IE,2020-08-15,2,NA
IS,2020-08-15,0,Stable
IT,2020-08-15,189,Increasing
LI,2020-08-15,0,Stable
LT,2020-08-15,0,Stable
LU,2020-08-15,3,Increasing
LV,2020-08-15,0,Stable
MT,2020-08-15,0,Stable
NL,2020-08-15,12,Increasing
NO,2020-08-15,5,Increasing
PL,2020-08-15,69,Increasing
PT,2020-08-15,25,Decreasing
RO,2020-08-15,295,Increasing
SE,2020-08-15,20,Decreasing
SI,2020-08-15,3,Decreasing
SK,2020-08-15,0,Stable
AT,2020-08-22,10,Stable
BE,2020-08-22,53,Increasing
BG,2020-08-22,44,Stable
CH,2020-08-22,4,Decreasing
CY,2020-08-22,1,Increasing
CZ,2020-08-22,16,Increasing
DE,2020-08-22,36,Increasing
DK,2020-08-22,1,Decreasing
EE,2020-08-22,0,NA
ES,2020-08-22,221,Increasing
FI,2020-08-22,1,Decreasing
FR,2020-08-22,100,Increasing
GB,2020-08-22,102,Decreasing
GR,2020-08-22,14,Increasing
HR,2020-08-22,5,Decreasing
HU,2020-08-22,4,Increasing
IE,2020-08-22,3,NA
IS,2020-08-22,0,Stable
IT,2020-08-22,38,Stable
LI,2020-08-22,0,Stable
LT,2020-08-22,3,Increasing
LU,2020-08-22,1,Decreasing
LV,2020-08-22,1,Stable
MT,2020-08-22,1,Increasing
NL,2020-08-22,31,Increasing
NO,2020-08-22,3,Increasing
PL,2020-08-22,82,Increasing
PT,2020-08-22,19,Stable
RO,2020-08-22,279,Increasing
SE,2020-08-22,27,Decreasing
SI,2020-08-22,2,Decreasing
SK,2020-08-22,2,Increasing
AT,2020-08-29,12,Decreasing
BE,2020-08-29,NA,NA
BG,2020-08-29,66,Stable
CH,2020-08-29,4,Decreasing
CY,2020-08-29,0,Stable
CZ,2020-08-29,10,Increasing
DE,2020-08-29,22,Decreasing
DK,2020-08-29,2,Stable
EE,2020-08-29,1,NA
ES,2020-08-29,173,Increasing
FI,2020-08-29,0,Decreasing
FR,2020-08-29,89,Increasing
GB,2020-08-29,97,Decreasing
GR,2020-08-29,20,Increasing
HR,2020-08-29,13,Stable
HU,2020-08-29,3,Decreasing
IE,2020-08-29,0,Decreasing
IS,2020-08-29,0,Stable
IT,2020-08-29,43,Stable
LI,2020-08-29,0,Stable
LT,2020-08-29,2,Increasing
LU,2020-08-29,0,Decreasing
LV,2020-08-29,1,Increasing
MT,2020-08-29,0,Stable
NL,2020-08-29,24,Increasing
NO,2020-08-29,0,Decreasing
PL,2020-08-29,81,Stable
PT,2020-08-29,24,Increasing
RO,2020-08-29,306,Stable
SE,2020-08-29,11,Decreasing
SI,2020-08-29,2,Decreasing
SK,2020-08-29,0,Decreasing
AT,2020-09-05,9,Decreasing
BE,2020-09-05,15,NA
BG,2020-09-05,66,Increasing
CH,2020-09-05,7,Increasing
CY,2020-09-05,0,Decreasing
CZ,2020-09-05,10,Increasing
DE,2020-09-05,35,Stable
DK,2020-09-05,3,Decreasing
EE,2020-09-05,0,Stable
ES,2020-09-05,407,Increasing
FI,2020-09-05,3,Increasing
FR,2020-09-05,82,Stable
GB,2020-09-05,93,Decreasing
GR,2020-09-05,20,Increasing
HR,2020-09-05,14,Increasing
HU,2020-09-05,10,Increasing
IE,2020-09-05,0,Decreasing
IS,2020-09-05,0,Stable
IT,2020-09-05,61,Decreasing
LI,2020-09-05,0,Stable
LT,2020-09-05,0,Stable
LU,2020-09-05,0,Decreasing
LV,2020-09-05,1,Increasing
MT,2020-09-05,4,Increasing
NL,2020-09-05,17,Increasing
NO,2020-09-05,0,Decreasing
PL,2020-09-05,81,Increasing
PT,2020-09-05,20,Decreasing
RO,2020-09-05,311,Stable
SE,2020-09-05,14,Decreasing
SI,2020-09-05,2,Decreasing
SK,2020-09-05,4,Increasing
AT,2020-09-12,14,Increasing
BE,2020-09-12,17,NA
BG,2020-09-12,46,Stable
CH,2020-09-12,17,Increasing
CY,2020-09-12,0,Decreasing
CZ,2020-09-12,22,Increasing
DE,2020-09-12,23,Decreasing
DK,2020-09-12,3,Increasing
EE,2020-09-12,0,Stable
ES,2020-09-12,329,Increasing
FI,2020-09-12,6,Increasing
FR,2020-09-12,204,Increasing
GB,2020-09-12,126,Increasing
GR,2020-09-12,22,Increasing
HR,2020-09-12,21,Increasing
HU,2020-09-12,9,Increasing
IE,2020-09-12,6,Increasing
IS,2020-09-12,0,Stable
IT,2020-09-12,69,Increasing
LI,2020-09-12,0,Stable
LT,2020-09-12,1,Decreasing
LU,2020-09-12,0,Decreasing
LV,2020-09-12,0,Decreasing
MT,2020-09-12,1,Stable
NL,2020-09-12,12,Decreasing
NO,2020-09-12,1,Decreasing
PL,2020-09-12,69,Decreasing
PT,2020-09-12,22,Stable
RO,2020-09-12,277,Stable
SE,2020-09-12,11,Decreasing
SI,2020-09-12,0,Decreasing
SK,2020-09-12,1,Decreasing
AT,2020-09-19,21,Increasing
BE,2020-09-19,21,NA
BG,2020-09-19,38,Decreasing
CH,2020-09-19,20,Increasing
CY,2020-09-19,1,Increasing
CZ,2020-09-19,46,Increasing
DE,2020-09-19,37,Increasing
DK,2020-09-19,5,Increasing
EE,2020-09-19,0,Decreasing
ES,2020-09-19,748,Increasing
FI,2020-09-19,2,Increasing
FR,2020-09-19,358,Increasing
GB,2020-09-19,191,Increasing
GR,2020-09-19,29,Increasing
HR,2020-09-19,26,Increasing
HU,2020-09-19,42,Increasing
IE,2020-09-19,9,Increasing
IS,2020-09-19,0,Stable
IT,2020-09-19,89,Increasing
LI,2020-09-19,0,Stable
LT,2020-09-19,1,Decreasing
LU,2020-09-19,0,Stable
LV,2020-09-19,1,Stable
MT,2020-09-19,4,Increasing
NL,2020-09-19,22,Stable
NO,2020-09-19,2,Increasing
PL,2020-09-19,100,Increasing
PT,2020-09-19,39,Increasing
RO,2020-09-19,275,Stable
SE,2020-09-19,19,Increasing
SI,2020-09-19,6,Increasing
SK,2020-09-19,1,Increasing
AT,2020-09-26,30,Increasing
BE,2020-09-26,30,Increasing
BG,2020-09-26,34,Decreasing
CH,2020-09-26,13,Increasing
CY,2020-09-26,0,Stable
CZ,2020-09-26,92,Increasing
DE,2020-09-26,68,Increasing
DK,2020-09-26,13,Increasing
EE,2020-09-26,0,Stable
ES,2020-09-26,737,Increasing
FI,2020-09-26,4,Increasing
FR,2020-09-26,407,Increasing
GB,2020-09-26,288,Increasing
GR,2020-09-26,45,Increasing
HR,2020-09-26,25,Increasing
HU,2020-09-26,55,Increasing
IE,2020-09-26,10,Increasing
IS,2020-09-26,0,Stable
IT,2020-09-26,126,Increasing
LI,2020-09-26,0,Stable
LT,2020-09-26,3,Increasing
LU,2020-09-26,0,Stable
LV,2020-09-26,0,Decreasing
MT,2020-09-26,12,Increasing
NL,2020-09-26,91,Increasing
NO,2020-09-26,3,Increasing
PL,2020-09-26,142,Increasing
PT,2020-09-26,45,Increasing
RO,2020-09-26,285,Stable
SE,2020-09-26,15,Stable
SI,2020-09-26,5,Increasing
SK,2020-09-26,5,Increasing
AT,2020-10-03,35,Increasing
BE,2020-10-03,70,Increasing
BG,2020-10-03,52,Increasing
CH,2020-10-03,10,Decreasing
CY,2020-10-03,0,Stable
CZ,2020-10-03,120,Increasing
DE,2020-10-03,75,Increasing
DK,2020-10-03,6,Increasing
EE,2020-10-03,3,Increasing
ES,2020-10-03,854,Increasing
FI,2020-10-03,2,Decreasing
FR,2020-10-03,455,Increasing
GB,2020-10-03,435,Increasing
GR,2020-10-03,29,Increasing
HR,2020-10-03,24,Stable
HU,2020-10-03,82,Increasing
IE,2020-10-03,8,Increasing
IS,2020-10-03,0,Stable
IT,2020-10-03,150,Increasing
LI,2020-10-03,0,Stable
LT,2020-10-03,6,Increasing
LU,2020-10-03,1,Increasing
LV,2020-10-03,2,Increasing
MT,2020-10-03,7,Increasing
NL,2020-10-03,83,Increasing
NO,2020-10-03,5,Increasing
PL,2020-10-03,180,Increasing
PT,2020-10-03,51,Increasing
RO,2020-10-03,260,Stable
SE,2020-10-03,15,Increasing
SI,2020-10-03,9,Increasing
SK,2020-10-03,10,Increasing
AT,2020-10-10,61,Increasing
BE,2020-10-10,131,Increasing
BG,2020-10-10,50,Increasing
CH,2020-10-10,14,Decreasing
CY,2020-10-10,3,Increasing
CZ,2020-10-10,237,Increasing
DE,2020-10-10,77,Increasing
DK,2020-10-10,13,Increasing
EE,2020-10-10,1,Increasing
ES,2020-10-10,843,Stable
FI,2020-10-10,5,Increasing
FR,2020-10-10,462,Increasing
GB,2020-10-10,625,Increasing
GR,2020-10-10,31,Stable
HR,2020-10-10,24,Stable
