model,location,scale,rel_wis
EuroCOVIDhub-baseline,AT,log,1.8016478855797338
EuroCOVIDhub-ensemble,AT,log,1
IEM_Health-CovidProject,AT,log,1.45671132223895
ILM-EKF,AT,log,1.1952728239444683
Imperial-DeCa,AT,log,1.4656707453972713
Imperial-RtI0,AT,log,1.483000144070282
Imperial-sbkp,AT,log,1.5078619436069738
JBUD-HMXK,AT,log,1.3902900304232597
Karlen-pypm,AT,log,1.1162548076994607
LANL-GrowthRate,AT,log,1.6573672548537826
MUNI-ARIMA,AT,log,1.6366173431470563
MUNI-LaggedRegARIMA,AT,log,1.039127291646682
MUNI-VAR,AT,log,1.0951725199289644
RobertWalraven-ESG,AT,log,1.6007387400193396
SDSC_ISG-TrendModel,AT,log,1.4506880453717845
UMass-MechBayes,AT,log,1.1665511041599985
UMass-SemiMech,AT,log,1.1259686901558332
USC-SIkJalpha,AT,log,1.070551516173124
bisop-seirfilterlite,AT,log,3.3134706558448
epiforecasts-EpiExpert,AT,log,1.4119752947192863
epiforecasts-EpiExpert_Rt,AT,log,1.4388695565830703
epiforecasts-EpiExpert_direct,AT,log,1.6697913196759482
epiforecasts-EpiNow2,AT,log,1.2710080569385507
EuroCOVIDhub-baseline,AT,natural,1.8838840811178454
EuroCOVIDhub-ensemble,AT,natural,1
IEM_Health-CovidProject,AT,natural,1.6893914829233698
ILM-EKF,AT,natural,1.4944633159434433
Imperial-DeCa,AT,natural,1.693462581433486
Imperial-RtI0,AT,natural,1.5496547840475798
Imperial-sbkp,AT,natural,1.6131333603007039
JBUD-HMXK,AT,natural,1.4447418713267395
Karlen-pypm,AT,natural,1.0151407338507055
LANL-GrowthRate,AT,natural,1.5887626491864264
MUNI-ARIMA,AT,natural,1.3207623395703265
MUNI-LaggedRegARIMA,AT,natural,0.8359588672212774
MUNI-VAR,AT,natural,1.3545382533878048
RobertWalraven-ESG,AT,natural,1.310928936531448
SDSC_ISG-TrendModel,AT,natural,1.4042666510646258
UMass-MechBayes,AT,natural,1.0843797565881494
UMass-SemiMech,AT,natural,1.09834252182269
USC-SIkJalpha,AT,natural,1.1129126241988236
bisop-seirfilterlite,AT,natural,2.788902489720693
epiforecasts-EpiExpert,AT,natural,1.5155965053636353
epiforecasts-EpiExpert_Rt,AT,natural,1.5514654370378769
epiforecasts-EpiExpert_direct,AT,natural,1.8877296898862248
epiforecasts-EpiNow2,AT,natural,1.1765797910692783
EuroCOVIDhub-baseline,BE,log,1.7094575952428983
EuroCOVIDhub-ensemble,BE,log,1
IEM_Health-CovidProject,BE,log,1.4907891213866749
ILM-EKF,BE,log,1.1313304388277
Imperial-DeCa,BE,log,2.0775826010345697
Imperial-RtI0,BE,log,3.97598163941496
Imperial-sbkp,BE,log,2.213164381551205
JBUD-HMXK,BE,log,2.3817585552314733
Karlen-pypm,BE,log,1.0560665288409066
LANL-GrowthRate,BE,log,1.4843730338633212
MUNI-ARIMA,BE,log,1.4267193170603107
MUNI-LaggedRegARIMA,BE,log,0.92912247310775
MUNI-VAR,BE,log,1.0389308947681972
RobertWalraven-ESG,BE,log,1.306881790163638
SDSC_ISG-TrendModel,BE,log,4.009911650354141
UMass-MechBayes,BE,log,1.4263848581119476
UMass-SemiMech,BE,log,1.4051676408249938
USC-SIkJalpha,BE,log,1.2805123987198488
bisop-seirfilterlite,BE,log,2.2621172631347397
epiforecasts-EpiExpert,BE,log,1.3057134114080862
epiforecasts-EpiExpert_Rt,BE,log,0.8214468251151202
epiforecasts-EpiExpert_direct,BE,log,1.839267420662175
epiforecasts-EpiNow2,BE,log,1.491275258776742
prolix-euclidean,BE,log,3.062966927033749
EuroCOVIDhub-baseline,BE,natural,1.4137655649556724
EuroCOVIDhub-ensemble,BE,natural,1
IEM_Health-CovidProject,BE,natural,1.5830599881973328
ILM-EKF,BE,natural,1.5775164281378693
Imperial-DeCa,BE,natural,2.074027119475826
Imperial-RtI0,BE,natural,3.586895331997479
Imperial-sbkp,BE,natural,2.194716835264482
JBUD-HMXK,BE,natural,1.232455412103469
Karlen-pypm,BE,natural,1.3291743496812587
LANL-GrowthRate,BE,natural,1.508428134293109
MUNI-ARIMA,BE,natural,1.220089810099369
MUNI-LaggedRegARIMA,BE,natural,0.908922316599479
MUNI-VAR,BE,natural,1.342460484490582
RobertWalraven-ESG,BE,natural,1.0835516917540025
SDSC_ISG-TrendModel,BE,natural,2.073400370237432
UMass-MechBayes,BE,natural,1.3113510202892826
UMass-SemiMech,BE,natural,1.573439574707965
USC-SIkJalpha,BE,natural,1.3627994401643984
bisop-seirfilterlite,BE,natural,2.0483837534101434
epiforecasts-EpiExpert,BE,natural,1.4374639090130195
epiforecasts-EpiExpert_Rt,BE,natural,0.8492039090494116
epiforecasts-EpiExpert_direct,BE,natural,2.225305968012556
epiforecasts-EpiNow2,BE,natural,6.79634106147089
prolix-euclidean,BE,natural,2.1372890932240725
EuroCOVIDhub-baseline,BG,log,2.1631739953338354
EuroCOVIDhub-ensemble,BG,log,1
IEM_Health-CovidProject,BG,log,1.771412853839789
ILM-EKF,BG,log,1.130979144830415
Imperial-DeCa,BG,log,1.9766855005410628
Imperial-RtI0,BG,log,1.5045680234895151
Imperial-sbkp,BG,log,1.6803266231064091
JBUD-HMXK,BG,log,3.0995189292288425
Karlen-pypm,BG,log,1.0314166565652079
LANL-GrowthRate,BG,log,1.5507466295596677
MUNI-ARIMA,BG,log,1.640400288846726
MUNI-LaggedRegARIMA,BG,log,0.8935825003821588
MUNI-VAR,BG,log,0.8301728400529371
RobertWalraven-ESG,BG,log,1.8428798940447733
SDSC_ISG-TrendModel,BG,log,1.5783657073684836
UMass-MechBayes,BG,log,1.2180634808063449
UMass-SemiMech,BG,log,1.2245419421570294
USC-SIkJalpha,BG,log,1.1556921810178207
bisop-seirfilterlite,BG,log,2.6334064329069498
epiforecasts-EpiExpert,BG,log,1.1369183659542899
epiforecasts-EpiExpert_Rt,BG,log,1.3783935073669025
epiforecasts-EpiExpert_direct,BG,log,0.7131313366778492
epiforecasts-EpiNow2,BG,log,1.240684551568946
EuroCOVIDhub-baseline,BG,natural,1.8618101537769334
EuroCOVIDhub-ensemble,BG,natural,1
IEM_Health-CovidProject,BG,natural,1.9735383402047249
ILM-EKF,BG,natural,1.4396945818217715
Imperial-DeCa,BG,natural,1.968344752796891
Imperial-RtI0,BG,natural,1.3514232631880414
Imperial-sbkp,BG,natural,1.6448128167502825
JBUD-HMXK,BG,natural,2.3030720670495763
Karlen-pypm,BG,natural,1.4365078403703637
LANL-GrowthRate,BG,natural,1.3140161139368036
MUNI-ARIMA,BG,natural,1.58136540696418
MUNI-LaggedRegARIMA,BG,natural,0.9040666934115319
MUNI-VAR,BG,natural,0.8154274493507908
RobertWalraven-ESG,BG,natural,1.2823481413551916
SDSC_ISG-TrendModel,BG,natural,1.497939325421842
UMass-MechBayes,BG,natural,1.118034931220777
UMass-SemiMech,BG,natural,1.4167895006141977
USC-SIkJalpha,BG,natural,1.2306499239770927
bisop-seirfilterlite,BG,natural,2.2945345979973673
epiforecasts-EpiExpert,BG,natural,1.3340413704233136
epiforecasts-EpiExpert_Rt,BG,natural,1.2849971235639468
epiforecasts-EpiExpert_direct,BG,natural,0.683761851288911
epiforecasts-EpiNow2,BG,natural,1.6374373411782956
EuroCOVIDhub-baseline,CH,log,1.5536628568982869
EuroCOVIDhub-ensemble,CH,log,1
IEM_Health-CovidProject,CH,log,1.3920869311722839
ILM-EKF,CH,log,1.1755005917618098
Imperial-DeCa,CH,log,2.590897820972167
Imperial-RtI0,CH,log,5.3301864723752095
Imperial-sbkp,CH,log,3.932366556492071
JBUD-HMXK,CH,log,2.2377742393568374
Karlen-pypm,CH,log,1.043039454302773
LANL-GrowthRate,CH,log,1.3318871879328638
MUNI-ARIMA,CH,log,1.7007165468160166
MUNI-LaggedRegARIMA,CH,log,0.6776227399505736
MUNI-VAR,CH,log,0.7430889105358406
RobertWalraven-ESG,CH,log,1.2658898713910185
SDSC_ISG-TrendModel,CH,log,1.8015133647852208
UMass-MechBayes,CH,log,1.2595631453806095
UMass-SemiMech,CH,log,1.3172176376935802
USC-SIkJalpha,CH,log,1.0141592162040458
bisop-seirfilterlite,CH,log,1.4781119885113863
epiforecasts-EpiExpert,CH,log,1.4184463946949473
epiforecasts-EpiExpert_Rt,CH,log,1.5425539723570183
epiforecasts-EpiExpert_direct,CH,log,1.4036619763381315
epiforecasts-EpiNow2,CH,log,1.410419837711204
prolix-euclidean,CH,log,2.744209461620088
EuroCOVIDhub-baseline,CH,natural,1.3148426777204831
EuroCOVIDhub-ensemble,CH,natural,1
IEM_Health-CovidProject,CH,natural,1.8261937832587154
ILM-EKF,CH,natural,1.634075530882436
Imperial-DeCa,CH,natural,1.8175428782128364
Imperial-RtI0,CH,natural,2.939934624856875
Imperial-sbkp,CH,natural,2.372053302699461
JBUD-HMXK,CH,natural,1.1101441923696749
Karlen-pypm,CH,natural,1.0589224387599316
LANL-GrowthRate,CH,natural,1.152198311727455
MUNI-ARIMA,CH,natural,1.657414835734548
MUNI-LaggedRegARIMA,CH,natural,0.5748220180283669
MUNI-VAR,CH,natural,0.772707502167387
RobertWalraven-ESG,CH,natural,0.95172033498854
SDSC_ISG-TrendModel,CH,natural,1.7859316347434164
UMass-MechBayes,CH,natural,1.2653489940556892
UMass-SemiMech,CH,natural,1.5464923335309608
USC-SIkJalpha,CH,natural,1.1499616267016928
bisop-seirfilterlite,CH,natural,1.2371408877439116
epiforecasts-EpiExpert,CH,natural,1.6127554884766118
epiforecasts-EpiExpert_Rt,CH,natural,2.1738532946631786
epiforecasts-EpiExpert_direct,CH,natural,1.6525762951200382
epiforecasts-EpiNow2,CH,natural,1.8657960931555602
prolix-euclidean,CH,natural,2.6677873398736707
EuroCOVIDhub-baseline,CY,log,1.4053457822509627
EuroCOVIDhub-ensemble,CY,log,1
IEM_Health-CovidProject,CY,log,1.5604078304061553
ILM-EKF,CY,log,1.1960342063711282
Imperial-DeCa,CY,log,1.0612359607233979
Imperial-RtI0,CY,log,1.6591110849601505
Imperial-sbkp,CY,log,1.6677956864227301
Karlen-pypm,CY,log,1.1153357716171948
LANL-GrowthRate,CY,log,1.739025423507794
MUNI-ARIMA,CY,log,1.409498253430603
MUNI-LaggedRegARIMA,CY,log,1.2014510671276053
MUNI-VAR,CY,log,1.1304569781107863
RobertWalraven-ESG,CY,log,1.3364117281865517
SDSC_ISG-TrendModel,CY,log,1.949434205950898
UMass-MechBayes,CY,log,1.0005748490785997
UMass-SemiMech,CY,log,1.0230158366376567
USC-SIkJalpha,CY,log,1.1841032521921957
epiforecasts-EpiExpert,CY,log,1.1231063444442715
epiforecasts-EpiNow2,CY,log,1.1972669036903918
EuroCOVIDhub-baseline,CY,natural,1.241515529709307
EuroCOVIDhub-ensemble,CY,natural,1
IEM_Health-CovidProject,CY,natural,1.5216919612656132
ILM-EKF,CY,natural,1.6152331021094999
Imperial-DeCa,CY,natural,1.2119273492248521
Imperial-RtI0,CY,natural,1.7841025091855947
Imperial-sbkp,CY,natural,2.017335989776363
Karlen-pypm,CY,natural,1.2638353478822792
LANL-GrowthRate,CY,natural,1.5403476004524272
MUNI-ARIMA,CY,natural,1.3455844918636362
MUNI-LaggedRegARIMA,CY,natural,1.4371874538720093
MUNI-VAR,CY,natural,1.2423765083314802
RobertWalraven-ESG,CY,natural,1.1862827852718059
SDSC_ISG-TrendModel,CY,natural,1.8332248186475864
UMass-MechBayes,CY,natural,1.2563999650873061
UMass-SemiMech,CY,natural,1.131189432579381
USC-SIkJalpha,CY,natural,1.2172711480509382
epiforecasts-EpiExpert,CY,natural,2.7211346968225802
epiforecasts-EpiNow2,CY,natural,1.1987351232182097
EuroCOVIDhub-baseline,CZ,log,2.27479612627991
EuroCOVIDhub-ensemble,CZ,log,1
IEM_Health-CovidProject,CZ,log,1.4480860334511738
ILM-EKF,CZ,log,1.0294884168802132
Imperial-DeCa,CZ,log,1.0127031038266372
Imperial-RtI0,CZ,log,2.160380241403178
Imperial-sbkp,CZ,log,1.2469718400640337
JBUD-HMXK,CZ,log,3.2240736363947997
Karlen-pypm,CZ,log,1.3862219999098189
LANL-GrowthRate,CZ,log,1.4088031445354305
MUNI-ARIMA,CZ,log,1.6581299287974205
MUNI-LaggedRegARIMA,CZ,log,1.424161745973627
MUNI-VAR,CZ,log,3.8178179411517297
MUNI_DMS-SEIAR,CZ,log,2.112192332289306
RobertWalraven-ESG,CZ,log,1.5428025808046664
SDSC_ISG-TrendModel,CZ,log,1.536759728320655
UMass-MechBayes,CZ,log,0.9386319503398917
UMass-SemiMech,CZ,log,2.4316033277901767
USC-SIkJalpha,CZ,log,1.2960562765621262
bisop-seirfilter,CZ,log,1.3731381789869566
bisop-seirfilterlite,CZ,log,2.95105131327774
epiforecasts-EpiExpert,CZ,log,1.7395050385131536
epiforecasts-EpiExpert_Rt,CZ,log,1.1148039848584632
epiforecasts-EpiNow2,CZ,log,0.7967519158407567
prolix-euclidean,CZ,log,3.6636666049115685
EuroCOVIDhub-baseline,CZ,natural,1.9902703604005731
EuroCOVIDhub-ensemble,CZ,natural,1
IEM_Health-CovidProject,CZ,natural,1.6021706190904095
ILM-EKF,CZ,natural,1.2002769985121833
Imperial-DeCa,CZ,natural,0.8578022815895836
Imperial-RtI0,CZ,natural,1.7336967085305939
Imperial-sbkp,CZ,natural,0.963382107442987
JBUD-HMXK,CZ,natural,2.1941597452179233
Karlen-pypm,CZ,natural,1.7280481556218088
LANL-GrowthRate,CZ,natural,0.9073363397101007
MUNI-ARIMA,CZ,natural,1.2488933890557112
MUNI-LaggedRegARIMA,CZ,natural,1.2856449231705558
MUNI-VAR,CZ,natural,2.1230475706743883
MUNI_DMS-SEIAR,CZ,natural,1.2702247971774874
RobertWalraven-ESG,CZ,natural,1.1957831489839148
SDSC_ISG-TrendModel,CZ,natural,1.4081591837702896
UMass-MechBayes,CZ,natural,0.7721907386082252
UMass-SemiMech,CZ,natural,1.441943146458051
USC-SIkJalpha,CZ,natural,1.497342334971758
bisop-seirfilter,CZ,natural,1.2185663010360526
bisop-seirfilterlite,CZ,natural,1.959166307629871
epiforecasts-EpiExpert,CZ,natural,1.8515400864351492
epiforecasts-EpiExpert_Rt,CZ,natural,0.9017544606104082
epiforecasts-EpiNow2,CZ,natural,0.7644362911646522
prolix-euclidean,CZ,natural,1.9523200809778847
EuroCOVIDhub-baseline,DE,log,1.7948917765262362
EuroCOVIDhub-ensemble,DE,log,1
FIAS_FZJ-Epi1Ger,DE,log,1.9685259648962026
HZI-AgeExtendedSEIR,DE,log,1.134682407657942
IEM_Health-CovidProject,DE,log,2.016656826943852
ILM-EKF,DE,log,1.5843860611776046
ITWW-county_repro,DE,log,1.5423620120706651
Imperial-DeCa,DE,log,1.853472329763092
Imperial-RtI0,DE,log,1.552275807422546
Imperial-sbkp,DE,log,1.1362439786646088
JBUD-HMXK,DE,log,3.74166682159515
Karlen-pypm,DE,log,1.5390929533731352
LANL-GrowthRate,DE,log,1.5266735034584449
LeipzigIMISE-SECIR,DE,log,1.9847428008150456
MIT_CovidAnalytics-DELPHI,DE,log,1.7797003134843505
MUNI-ARIMA,DE,log,1.6214843315108909
MUNI-LaggedRegARIMA,DE,log,1.359476133965906
MUNI-VAR,DE,log,1.8923250291243945
RobertWalraven-ESG,DE,log,1.6953875139709378
SDSC_ISG-TrendModel,DE,log,1.6773908867995944
UMass-MechBayes,DE,log,1.4464031321954174
UMass-SemiMech,DE,log,1.2987080363770787
USC-SIkJalpha,DE,log,1.4475376615030973
bisop-seirfilterlite,DE,log,1.8542678887286932
epiforecasts-EpiExpert,DE,log,1.6042890804775793
epiforecasts-EpiExpert_Rt,DE,log,2.9356756766212073
epiforecasts-EpiExpert_direct,DE,log,1.1631524462407528
epiforecasts-EpiNow2,DE,log,2.0066786788633206
itwm-dSEIR,DE,log,1.8550201825931216
prolix-euclidean,DE,log,4.564576801808144
EuroCOVIDhub-baseline,DE,natural,1.4510011232480164
EuroCOVIDhub-ensemble,DE,natural,1
FIAS_FZJ-Epi1Ger,DE,natural,2.659619952466516
HZI-AgeExtendedSEIR,DE,natural,1.095908129096976
IEM_Health-CovidProject,DE,natural,2.428734943134869
ILM-EKF,DE,natural,1.8672711549004035
ITWW-county_repro,DE,natural,1.627584236751958
Imperial-DeCa,DE,natural,1.9674264433028283
Imperial-RtI0,DE,natural,1.554065596873002
Imperial-sbkp,DE,natural,1.1297179996656803
JBUD-HMXK,DE,natural,2.783483268135735
Karlen-pypm,DE,natural,1.4614448265713977
LANL-GrowthRate,DE,natural,1.4613204503268216
LeipzigIMISE-SECIR,DE,natural,2.4141296863900132
MIT_CovidAnalytics-DELPHI,DE,natural,1.4045345066315615
MUNI-ARIMA,DE,natural,1.4701626237266254
MUNI-LaggedRegARIMA,DE,natural,0.9996859476221602
MUNI-VAR,DE,natural,1.8778278960311228
RobertWalraven-ESG,DE,natural,1.4389875272480228
SDSC_ISG-TrendModel,DE,natural,1.5980211248204987
UMass-MechBayes,DE,natural,1.3201320389994649
UMass-SemiMech,DE,natural,1.1599534383846217
USC-SIkJalpha,DE,natural,1.5642853121488047
bisop-seirfilterlite,DE,natural,1.504906143285258
epiforecasts-EpiExpert,DE,natural,1.4285120952320747
epiforecasts-EpiExpert_Rt,DE,natural,2.9882071709207976
epiforecasts-EpiExpert_direct,DE,natural,1.2164649928661093
epiforecasts-EpiNow2,DE,natural,2.12031260022976
itwm-dSEIR,DE,natural,1.5883741278778605
prolix-euclidean,DE,natural,2.3669060894041363
EuroCOVIDhub-baseline,DK,log,1.377930271521324
EuroCOVIDhub-ensemble,DK,log,1
IEM_Health-CovidProject,DK,log,1.2060873797474625
ILM-EKF,DK,log,1.1413028306146942
Imperial-DeCa,DK,log,1.0843666292694463
Imperial-RtI0,DK,log,1.3987787030675771
Imperial-sbkp,DK,log,1.154036417425928
JBUD-HMXK,DK,log,2.377465403460297
Karlen-pypm,DK,log,1.0472637728551952
LANL-GrowthRate,DK,log,1.116865744871781
MUNI-ARIMA,DK,log,1.2400943077671946
MUNI-LaggedRegARIMA,DK,log,1.0527913810889733
MUNI-VAR,DK,log,1.4429267633220788
RobertWalraven-ESG,DK,log,1.3543262955031776
SDSC_ISG-TrendModel,DK,log,1.1096004719714117
UMass-MechBayes,DK,log,1.2037493252869729
UMass-SemiMech,DK,log,1.2928277675219921
USC-SIkJalpha,DK,log,1.3527550031702544
bisop-seirfilterlite,DK,log,1.2463183561929003
epiforecasts-EpiExpert,DK,log,1.1540543804723062
epiforecasts-EpiNow2,DK,log,1.2157605253056352
prolix-euclidean,DK,log,1.8364776336492044
EuroCOVIDhub-baseline,DK,natural,1.3482465932310828
EuroCOVIDhub-ensemble,DK,natural,1
IEM_Health-CovidProject,DK,natural,1.2058921670678795
ILM-EKF,DK,natural,1.3184243146262509
Imperial-DeCa,DK,natural,1.156644552009954
Imperial-RtI0,DK,natural,1.5837316381659747
Imperial-sbkp,DK,natural,1.2806422849505592
JBUD-HMXK,DK,natural,2.1518063870036728
Karlen-pypm,DK,natural,0.9526383414703599
LANL-GrowthRate,DK,natural,1.0216328846293468
MUNI-ARIMA,DK,natural,1.2071506560640581
MUNI-LaggedRegARIMA,DK,natural,1.1875086158214578
MUNI-VAR,DK,natural,1.6022960719907087
RobertWalraven-ESG,DK,natural,1.1803749468985163
SDSC_ISG-TrendModel,DK,natural,1.1139869912402418
UMass-MechBayes,DK,natural,1.1906183130881907
UMass-SemiMech,DK,natural,1.3954179882696967
USC-SIkJalpha,DK,natural,1.3340064661472737
bisop-seirfilterlite,DK,natural,1.4651585702422742
epiforecasts-EpiExpert,DK,natural,1.1013656961530538
epiforecasts-EpiNow2,DK,natural,1.2854087231920366
prolix-euclidean,DK,natural,1.4835874268873008
EuroCOVIDhub-baseline,EE,log,1.2909967339921704
EuroCOVIDhub-ensemble,EE,log,1
IEM_Health-CovidProject,EE,log,1.2829439340676652
ILM-EKF,EE,log,1.1426910028418824
Imperial-DeCa,EE,log,1.7371390776720412
Imperial-RtI0,EE,log,1.1950309092351443
Imperial-sbkp,EE,log,1.3724117650100716
JBUD-HMXK,EE,log,1.7282889435900815
Karlen-pypm,EE,log,1.0947328235996092
LANL-GrowthRate,EE,log,2.111276828905086
MUNI-ARIMA,EE,log,1.2225764340438856
MUNI-LaggedRegARIMA,EE,log,1.0116693448720815
MUNI-VAR,EE,log,1.316986617792332
RobertWalraven-ESG,EE,log,1.2210365231640259
SDSC_ISG-TrendModel,EE,log,1.8014246295919838
UMass-MechBayes,EE,log,0.8278601759909646
UMass-SemiMech,EE,log,1.032010782447231
USC-SIkJalpha,EE,log,1.0743007323502425
bisop-seirfilterlite,EE,log,2.163543450060972
epiforecasts-EpiExpert,EE,log,0.614866562735546
epiforecasts-EpiNow2,EE,log,1.1489272741137033
prolix-euclidean,EE,log,3.7605942423731564
EuroCOVIDhub-baseline,EE,natural,1.341390510239268
EuroCOVIDhub-ensemble,EE,natural,1
IEM_Health-CovidProject,EE,natural,1.5229785909018283
ILM-EKF,EE,natural,1.3618142844042236
Imperial-DeCa,EE,natural,1.5231546864593362
Imperial-RtI0,EE,natural,0.9722600221101635
Imperial-sbkp,EE,natural,1.4361002233173923
JBUD-HMXK,EE,natural,1.5453319237645262
Karlen-pypm,EE,natural,1.1401688853480745
LANL-GrowthRate,EE,natural,1.9160992288769998
MUNI-ARIMA,EE,natural,1.2348351296501583
MUNI-LaggedRegARIMA,EE,natural,0.9374334290451891
MUNI-VAR,EE,natural,1.2946563857165385
RobertWalraven-ESG,EE,natural,1.2660972351295798
SDSC_ISG-TrendModel,EE,natural,1.3960651333109313
UMass-MechBayes,EE,natural,0.8085920830295112
UMass-SemiMech,EE,natural,0.8749559664897395
USC-SIkJalpha,EE,natural,1.1359759019022484
bisop-seirfilterlite,EE,natural,1.6669722507700437
epiforecasts-EpiExpert,EE,natural,0.5298171773702879
epiforecasts-EpiNow2,EE,natural,1.117323623537576
prolix-euclidean,EE,natural,2.743359123618993
EuroCOVIDhub-baseline,ES,log,2.1387289141363364
EuroCOVIDhub-ensemble,ES,log,1
IEM_Health-CovidProject,ES,log,1.2723495038681718
ILM-EKF,ES,log,1.2370987030575542
Imperial-DeCa,ES,log,4.720698434464904
Imperial-RtI0,ES,log,8.496207671175512
Imperial-sbkp,ES,log,6.909715219231385
JBUD-HMXK,ES,log,2.489664310500831
Karlen-pypm,ES,log,1.3205135714740712
LANL-GrowthRate,ES,log,0.9772714204043543
MUNI-ARIMA,ES,log,1.5774217761231482
MUNI-LaggedRegARIMA,ES,log,0.8437411778563616
MUNI-VAR,ES,log,1.0802341025164621
RobertWalraven-ESG,ES,log,1.9110238495736478
SDSC_ISG-TrendModel,ES,log,1.8423032503017835
UB-BSLCoV,ES,log,1.5438205364580853
UMass-MechBayes,ES,log,1.6182631387770954
UMass-SemiMech,ES,log,2.070716757751963
UNED-PreCoV2,ES,log,1.8043950521419179
USC-SIkJalpha,ES,log,1.2136147646957247
bisop-seirfilterlite,ES,log,3.429048717111641
epiforecasts-EpiExpert,ES,log,1.188940234909468
epiforecasts-EpiExpert_Rt,ES,log,0.9563612274680382
epiforecasts-EpiExpert_direct,ES,log,0.6079872081937048
epiforecasts-EpiNow2,ES,log,1.594337303859549
EuroCOVIDhub-baseline,ES,natural,1.3972213083100173
EuroCOVIDhub-ensemble,ES,natural,1
IEM_Health-CovidProject,ES,natural,1.3863428151722694
ILM-EKF,ES,natural,1.65937457513651
Imperial-DeCa,ES,natural,2.71792922880312
Imperial-RtI0,ES,natural,3.4543686286317086
Imperial-sbkp,ES,natural,3.1756185657404163
JBUD-HMXK,ES,natural,3.9195790481079005
Karlen-pypm,ES,natural,1.4758143911298776
LANL-GrowthRate,ES,natural,0.9307892222474925
MUNI-ARIMA,ES,natural,1.4021881131116325
MUNI-LaggedRegARIMA,ES,natural,0.8487720146995441
MUNI-VAR,ES,natural,0.7424384064090417
RobertWalraven-ESG,ES,natural,1.2315162207726698
SDSC_ISG-TrendModel,ES,natural,1.6295659464374475
UB-BSLCoV,ES,natural,2.3035868075469432
UMass-MechBayes,ES,natural,1.8390379463261497
UMass-SemiMech,ES,natural,1.4397657856016233
UNED-PreCoV2,ES,natural,1.4816480685679045
USC-SIkJalpha,ES,natural,1.2677789967058477
bisop-seirfilterlite,ES,natural,1.323914602261887
epiforecasts-EpiExpert,ES,natural,1.5468012017667834
epiforecasts-EpiExpert_Rt,ES,natural,1.31518868035264
epiforecasts-EpiExpert_direct,ES,natural,0.6033493011809348
epiforecasts-EpiNow2,ES,natural,1.555527116890241
EuroCOVIDhub-baseline,FI,log,1.222051716337577
EuroCOVIDhub-ensemble,FI,log,1
IEM_Health-CovidProject,FI,log,1.1807681024835301
ILM-EKF,FI,log,1.4004877940135338
JBUD-HMXK,FI,log,2.339058621429152
Karlen-pypm,FI,log,1.22401793633127
LANL-GrowthRate,FI,log,1.5221319885652713
MUNI-ARIMA,FI,log,1.1616119954441921
MUNI-LaggedRegARIMA,FI,log,1.168398633533209
MUNI-VAR,FI,log,1.3370280087986295
RobertWalraven-ESG,FI,log,1.2573271397942891
SDSC_ISG-TrendModel,FI,log,1.5744871875282511
UMass-MechBayes,FI,log,1.2091640005547213
UMass-SemiMech,FI,log,1.1229201527708472
USC-SIkJalpha,FI,log,1.2496782425120179
bisop-seirfilterlite,FI,log,1.887220700247177
epiforecasts-EpiExpert,FI,log,1.285457402445981
epiforecasts-EpiNow2,FI,log,1.4044398689940842
EuroCOVIDhub-baseline,FI,natural,1.2100619414766123
EuroCOVIDhub-ensemble,FI,natural,1
IEM_Health-CovidProject,FI,natural,1.2818973482107285
ILM-EKF,FI,natural,55.20608334040769
JBUD-HMXK,FI,natural,3.755387615022846
Karlen-pypm,FI,natural,1.9956839685352274
LANL-GrowthRate,FI,natural,2.246264024781696
MUNI-ARIMA,FI,natural,1.0332192131828237
MUNI-LaggedRegARIMA,FI,natural,1.9756343698101222
MUNI-VAR,FI,natural,2.138886415408256
RobertWalraven-ESG,FI,natural,1.1166040002508588
SDSC_ISG-TrendModel,FI,natural,1.445408336597969
UMass-MechBayes,FI,natural,1.8004904314344041
UMass-SemiMech,FI,natural,2.0406654931112755
USC-SIkJalpha,FI,natural,1.1611219963688726
bisop-seirfilterlite,FI,natural,3.1757600856254062
epiforecasts-EpiExpert,FI,natural,2.4328676387020596
epiforecasts-EpiNow2,FI,natural,2.1944325083162894
EuroCOVIDhub-baseline,FR,log,2.091887675012131
EuroCOVIDhub-ensemble,FR,log,1
IEM_Health-CovidProject,FR,log,1.5410540568226736
ILM-EKF,FR,log,1.4016324888154543
Imperial-DeCa,FR,log,1.1047826418411515
Imperial-RtI0,FR,log,1.2530307186436247
Imperial-sbkp,FR,log,1.1656966712858459
JBUD-HMXK,FR,log,4.463104572874491
Karlen-pypm,FR,log,1.3600789560998727
LANL-GrowthRate,FR,log,1.4619774317245093
MUNI-ARIMA,FR,log,1.7474425368821738
MUNI-LaggedRegARIMA,FR,log,2.0639042251992206
MUNI-VAR,FR,log,1.6316593402799116
RobertWalraven-ESG,FR,log,1.6085977838700645
SDSC_ISG-TrendModel,FR,log,1.5271689938564905
UMass-MechBayes,FR,log,1.3491036957071267
UMass-SemiMech,FR,log,3.0636759172164143
USC-SIkJalpha,FR,log,1.5869751333549427
bisop-seirfilterlite,FR,log,3.0396638024648928
epiforecasts-EpiExpert,FR,log,2.1495940890932665
epiforecasts-EpiExpert_Rt,FR,log,2.9283544624902107
epiforecasts-EpiExpert_direct,FR,log,2.2053724537996593
epiforecasts-EpiNow2,FR,log,1.8003650854885762
prolix-euclidean,FR,log,1.9369446460893638
EuroCOVIDhub-baseline,FR,natural,1.5763673839633474
EuroCOVIDhub-ensemble,FR,natural,1
IEM_Health-CovidProject,FR,natural,1.8385252636068814
ILM-EKF,FR,natural,1.9130178951948786
Imperial-DeCa,FR,natural,0.8992302706665887
Imperial-RtI0,FR,natural,1.1937928088857994
Imperial-sbkp,FR,natural,1.1462740338489878
JBUD-HMXK,FR,natural,4.8689492290225225
Karlen-pypm,FR,natural,1.4779966664310102
LANL-GrowthRate,FR,natural,1.4806009413190089
MUNI-ARIMA,FR,natural,1.4775563986764615
MUNI-LaggedRegARIMA,FR,natural,1.4837474064937832
MUNI-VAR,FR,natural,1.4391167007396855
RobertWalraven-ESG,FR,natural,1.1022813962788391
SDSC_ISG-TrendModel,FR,natural,1.6856211881995997
UMass-MechBayes,FR,natural,1.4996986107423982
UMass-SemiMech,FR,natural,1.9483401682533275
USC-SIkJalpha,FR,natural,1.6750958070727664
bisop-seirfilterlite,FR,natural,2.844726827780156
epiforecasts-EpiExpert,FR,natural,2.115972691764064
epiforecasts-EpiExpert_Rt,FR,natural,3.4767584816480945
epiforecasts-EpiExpert_direct,FR,natural,2.0263007844978533
epiforecasts-EpiNow2,FR,natural,2.1663047690679464
prolix-euclidean,FR,natural,1.4681587406354313
EuroCOVIDhub-baseline,GB,log,2.544991042521152
EuroCOVIDhub-ensemble,GB,log,1
IEM_Health-CovidProject,GB,log,1.6160234188774625
ILM-EKF,GB,log,1.0843741606655006
Imperial-DeCa,GB,log,1.546183020423969
Imperial-RtI0,GB,log,1.5683410121205952
Imperial-sbkp,GB,log,1.5553570779454777
JBUD-HMXK,GB,log,2.3372652762952493
Karlen-pypm,GB,log,1.2982305252514579
LANL-GrowthRate,GB,log,1.3142929703735975
MUNI-ARIMA,GB,log,1.8785729571997865
MUNI-LaggedRegARIMA,GB,log,1.5883235622938048
MUNI-VAR,GB,log,0.8726904171656833
RobertWalraven-ESG,GB,log,2.5524973129529034
SDSC_ISG-TrendModel,GB,log,2.1580078006431713
UMass-MechBayes,GB,log,1.2864297791474244
UMass-SemiMech,GB,log,1.7949034493149894
USC-SIkJalpha,GB,log,1.2160453798391782
bisop-seirfilterlite,GB,log,2.1519143382142563
epiforecasts-EpiExpert,GB,log,0.9242597722331761
epiforecasts-EpiExpert_Rt,GB,log,0.8447172601826768
epiforecasts-EpiExpert_direct,GB,log,1.2766720961895575
epiforecasts-EpiNow2,GB,log,1.13893226724242
prolix-euclidean,GB,log,2.0294868444399357
EuroCOVIDhub-baseline,GB,natural,1.8887856801096623
EuroCOVIDhub-ensemble,GB,natural,1
IEM_Health-CovidProject,GB,natural,1.6952032053415647
ILM-EKF,GB,natural,1.159632765118237
Imperial-DeCa,GB,natural,1.1803547651180277
Imperial-RtI0,GB,natural,1.2963013976364353
Imperial-sbkp,GB,natural,1.2754152727379433
JBUD-HMXK,GB,natural,1.056351127455928
Karlen-pypm,GB,natural,1.2341994133510952
LANL-GrowthRate,GB,natural,1.1054439840143215
MUNI-ARIMA,GB,natural,1.7151888425511483
MUNI-LaggedRegARIMA,GB,natural,1.4450860033039459
MUNI-VAR,GB,natural,0.8283407944091921
RobertWalraven-ESG,GB,natural,1.7867013758911494
SDSC_ISG-TrendModel,GB,natural,1.6904329240640972
UMass-MechBayes,GB,natural,1.3124593228634927
UMass-SemiMech,GB,natural,1.4767874043847526
USC-SIkJalpha,GB,natural,1.170458585996723
bisop-seirfilterlite,GB,natural,1.5584285388405235
epiforecasts-EpiExpert,GB,natural,1.0568598178441158
epiforecasts-EpiExpert_Rt,GB,natural,1.2042081527479447
epiforecasts-EpiExpert_direct,GB,natural,1.194297473183905
epiforecasts-EpiNow2,GB,natural,1.2526798887551605
prolix-euclidean,GB,natural,2.471071265974834
EuroCOVIDhub-baseline,GR,log,1.5792513212974335
EuroCOVIDhub-ensemble,GR,log,1
IEM_Health-CovidProject,GR,log,1.4244891434241862
ILM-EKF,GR,log,1.6669797535562316
Imperial-DeCa,GR,log,1.7353491727867878
Imperial-RtI0,GR,log,1.4459725275343445
Imperial-sbkp,GR,log,1.600942242077313
JBUD-HMXK,GR,log,2.8365117761949445
Karlen-pypm,GR,log,1.7877982946786357
LANL-GrowthRate,GR,log,1.3720860420996073
MUNI-ARIMA,GR,log,1.4137319915240916
MUNI-LaggedRegARIMA,GR,log,0.7676391093769266
MUNI-VAR,GR,log,1.3423591576923128
RobertWalraven-ESG,GR,log,1.343512252913405
SDSC_ISG-TrendModel,GR,log,1.552790988485099
UMass-MechBayes,GR,log,1.1773518781066856
UMass-SemiMech,GR,log,1.0803463778718796
USC-SIkJalpha,GR,log,1.375439593937618
bisop-seirfilterlite,GR,log,1.4778125595752702
epiforecasts-EpiExpert,GR,log,1.2693318634574395
epiforecasts-EpiNow2,GR,log,1.5017921920826074
EuroCOVIDhub-baseline,GR,natural,1.5114713342301085
EuroCOVIDhub-ensemble,GR,natural,1
IEM_Health-CovidProject,GR,natural,2.270365907248382
ILM-EKF,GR,natural,17.261138843646986
Imperial-DeCa,GR,natural,2.1645044275329566
Imperial-RtI0,GR,natural,2.1485813360157033
Imperial-sbkp,GR,natural,2.5663292954276793
JBUD-HMXK,GR,natural,3.3288593372211546
Karlen-pypm,GR,natural,2.955583762618873
LANL-GrowthRate,GR,natural,1.651219412064856
MUNI-ARIMA,GR,natural,1.2267164667332
MUNI-LaggedRegARIMA,GR,natural,1.0168706969563857
MUNI-VAR,GR,natural,1.8449204675305706
RobertWalraven-ESG,GR,natural,1.1460563907535708
SDSC_ISG-TrendModel,GR,natural,1.5172594629473326
UMass-MechBayes,GR,natural,1.4679935246915001
UMass-SemiMech,GR,natural,1.5481111365263205
USC-SIkJalpha,GR,natural,1.8190290601809675
bisop-seirfilterlite,GR,natural,2.1090680519645932
epiforecasts-EpiExpert,GR,natural,1.7593724714158623
epiforecasts-EpiNow2,GR,natural,2.3896884109512957
EuroCOVIDhub-baseline,HR,log,1.7435924679360406
EuroCOVIDhub-ensemble,HR,log,1
IEM_Health-CovidProject,HR,log,1.6022019396749125
ILM-EKF,HR,log,1.1931591282292002
Imperial-DeCa,HR,log,1.075045470262497
Imperial-RtI0,HR,log,1.3123160804445644
Imperial-sbkp,HR,log,1.1986501844614965
JBUD-HMXK,HR,log,1.9909368664373759
Karlen-pypm,HR,log,0.9708250807587031
LANL-GrowthRate,HR,log,1.6252681738876715
MUNI-ARIMA,HR,log,1.6225679903551213
MUNI-LaggedRegARIMA,HR,log,1.808102273153131
MUNI-VAR,HR,log,0.9410778804325249
RobertWalraven-ESG,HR,log,1.8110619395805712
SDSC_ISG-TrendModel,HR,log,1.4379659185968572
UMass-MechBayes,HR,log,0.9691809630807322
UMass-SemiMech,HR,log,0.9464158072690451
USC-SIkJalpha,HR,log,1.5927647691789513
bisop-seirfilterlite,HR,log,1.2950759071749038
epiforecasts-EpiExpert,HR,log,1.0395579085350477
epiforecasts-EpiExpert_Rt,HR,log,1.077655087766062
epiforecasts-EpiNow2,HR,log,0.9425889356056377
EuroCOVIDhub-baseline,HR,natural,1.5000819424656686
EuroCOVIDhub-ensemble,HR,natural,1
IEM_Health-CovidProject,HR,natural,1.8205212777274549
ILM-EKF,HR,natural,1.3349245577433104
Imperial-DeCa,HR,natural,1.1911319524874262
Imperial-RtI0,HR,natural,1.112784652932597
Imperial-sbkp,HR,natural,1.4206809850241944
JBUD-HMXK,HR,natural,2.243415407305469
Karlen-pypm,HR,natural,1.1239672984682028
LANL-GrowthRate,HR,natural,0.9050639888680508
MUNI-ARIMA,HR,natural,1.4310045480028841
MUNI-LaggedRegARIMA,HR,natural,1.560502464361158
MUNI-VAR,HR,natural,1.0351130626498746
RobertWalraven-ESG,HR,natural,1.3902815731024476
SDSC_ISG-TrendModel,HR,natural,1.3656434736759455
UMass-MechBayes,HR,natural,1.0096180261906147
UMass-SemiMech,HR,natural,1.01228338947272
USC-SIkJalpha,HR,natural,1.3483213528129634
bisop-seirfilterlite,HR,natural,1.346903896561855
epiforecasts-EpiExpert,HR,natural,0.9009266922122684
epiforecasts-EpiExpert_Rt,HR,natural,1.0351637128839655
epiforecasts-EpiNow2,HR,natural,0.9372649962402246
EuroCOVIDhub-baseline,HU,log,1.9506878288643086
EuroCOVIDhub-ensemble,HU,log,1
IEM_Health-CovidProject,HU,log,1.4854937596643214
ILM-EKF,HU,log,0.9623380426025098
Imperial-DeCa,HU,log,1.3024337658310299
Imperial-RtI0,HU,log,2.330302650486085
Imperial-sbkp,HU,log,1.5937027431243838
JBUD-HMXK,HU,log,2.614686042626181
Karlen-pypm,HU,log,1.085675876549876
LANL-GrowthRate,HU,log,1.496131284214355
MUNI-ARIMA,HU,log,1.7918073932943581
MUNI-LaggedRegARIMA,HU,log,2.0119103448796545
MUNI-VAR,HU,log,3.459475122058403
RobertWalraven-ESG,HU,log,1.8273663159399545
SDSC_ISG-TrendModel,HU,log,1.5597192293385145
UMass-MechBayes,HU,log,1.3693745088949714
UMass-SemiMech,HU,log,1.2061997110119307
USC-SIkJalpha,HU,log,1.2116163303519951
bisop-seirfilterlite,HU,log,3.3406996376717664
epiforecasts-EpiExpert,HU,log,0.9973352166393635
epiforecasts-EpiExpert_Rt,HU,log,1.05826488256
epiforecasts-EpiNow2,HU,log,1.1145463622916818
EuroCOVIDhub-baseline,HU,natural,1.742322477274996
EuroCOVIDhub-ensemble,HU,natural,1
IEM_Health-CovidProject,HU,natural,1.8803246995467966
ILM-EKF,HU,natural,1.3314308616711443
Imperial-DeCa,HU,natural,1.2379744598123175
Imperial-RtI0,HU,natural,1.6533513634870327
Imperial-sbkp,HU,natural,1.2317769907113205
JBUD-HMXK,HU,natural,1.498310341531981
Karlen-pypm,HU,natural,1.753764818886192
LANL-GrowthRate,HU,natural,0.831122568727121
MUNI-ARIMA,HU,natural,1.2906800000021574
MUNI-LaggedRegARIMA,HU,natural,1.7060795061480987
MUNI-VAR,HU,natural,1.8892724047077896
RobertWalraven-ESG,HU,natural,1.3037508286451227
SDSC_ISG-TrendModel,HU,natural,1.142999201550698
UMass-MechBayes,HU,natural,1.0047839034149122
UMass-SemiMech,HU,natural,1.2252059110679128
USC-SIkJalpha,HU,natural,1.5218396259358016
bisop-seirfilterlite,HU,natural,2.428285761986359
epiforecasts-EpiExpert,HU,natural,0.7528656594263955
epiforecasts-EpiExpert_Rt,HU,natural,0.8704454400554386
epiforecasts-EpiNow2,HU,natural,1.3900334199136433
EuroCOVIDhub-baseline,IE,log,1.07770029736047
EuroCOVIDhub-ensemble,IE,log,1
IEM_Health-CovidProject,IE,log,1.2420013151663212
ILM-EKF,IE,log,1.2904251439840266
Imperial-DeCa,IE,log,1.280557227569868
Imperial-RtI0,IE,log,1.5344176546357584
Imperial-sbkp,IE,log,1.8586471302454963
JBUD-HMXK,IE,log,3.4234534934429446
Karlen-pypm,IE,log,1.1861229791864445
LANL-GrowthRate,IE,log,1.5052797871898818
MUNI-ARIMA,IE,log,0.9524400319341851
MUNI-LaggedRegARIMA,IE,log,1.0009289985696364
MUNI-VAR,IE,log,1.4141791761138063
RobertWalraven-ESG,IE,log,1.0547528811278526
SDSC_ISG-TrendModel,IE,log,1.8657500488525396
UMass-MechBayes,IE,log,1.127914164428578
UMass-SemiMech,IE,log,1.1817648479841427
USC-SIkJalpha,IE,log,1.2559275098504523
bisop-seirfilterlite,IE,log,1.4805117450887826
epiforecasts-EpiExpert,IE,log,1.502247952363969
epiforecasts-EpiExpert_Rt,IE,log,1.5282959396550384
epiforecasts-EpiExpert_direct,IE,log,1.3482144870283428
epiforecasts-EpiNow2,IE,log,1.3147723123632062
prolix-euclidean,IE,log,3.5831887285640067
EuroCOVIDhub-baseline,IE,natural,1.0388648472596067
EuroCOVIDhub-ensemble,IE,natural,1
IEM_Health-CovidProject,IE,natural,1.147391654165571
ILM-EKF,IE,natural,29.500898247021947
Imperial-DeCa,IE,natural,1.4690992369822142
Imperial-RtI0,IE,natural,2.202318614398526
Imperial-sbkp,IE,natural,2.801851694707132
JBUD-HMXK,IE,natural,3.908959267352316
Karlen-pypm,IE,natural,1.6440205036121676
LANL-GrowthRate,IE,natural,1.5472022170381572
MUNI-ARIMA,IE,natural,0.8533514280538781
MUNI-LaggedRegARIMA,IE,natural,1.1292530569963728
MUNI-VAR,IE,natural,1.865120145955499
RobertWalraven-ESG,IE,natural,0.8947443393991451
SDSC_ISG-TrendModel,IE,natural,1.3012125554338574
UMass-MechBayes,IE,natural,1.2741290223556399
UMass-SemiMech,IE,natural,1.6892685514701402
USC-SIkJalpha,IE,natural,1.1748339817453852
bisop-seirfilterlite,IE,natural,1.814801854230795
epiforecasts-EpiExpert,IE,natural,1.9912371077275735
epiforecasts-EpiExpert_Rt,IE,natural,2.159799337089324
epiforecasts-EpiExpert_direct,IE,natural,1.0600633708280194
epiforecasts-EpiNow2,IE,natural,1.2720939024449995
prolix-euclidean,IE,natural,2.3860798633107625
EuroCOVIDhub-baseline,IS,log,NA
EuroCOVIDhub-ensemble,IS,log,NA
IEM_Health-CovidProject,IS,log,NA
ILM-EKF,IS,log,NA
JBUD-HMXK,IS,log,NA
LANL-GrowthRate,IS,log,NA
MUNI-ARIMA,IS,log,NA
MUNI-LaggedRegARIMA,IS,log,NA
MUNI-VAR,IS,log,NA
RobertWalraven-ESG,IS,log,NA
SDSC_ISG-TrendModel,IS,log,NA
UMass-MechBayes,IS,log,NA
UMass-SemiMech,IS,log,NA
USC-SIkJalpha,IS,log,NA
epiforecasts-EpiExpert,IS,log,NA
epiforecasts-EpiExpert_Rt,IS,log,NA
epiforecasts-EpiExpert_direct,IS,log,NA
epiforecasts-EpiNow2,IS,log,NA
EuroCOVIDhub-baseline,IS,natural,NA
EuroCOVIDhub-ensemble,IS,natural,NA
IEM_Health-CovidProject,IS,natural,NA
ILM-EKF,IS,natural,NA
JBUD-HMXK,IS,natural,NA
LANL-GrowthRate,IS,natural,NA
MUNI-ARIMA,IS,natural,NA
MUNI-LaggedRegARIMA,IS,natural,NA
MUNI-VAR,IS,natural,NA
RobertWalraven-ESG,IS,natural,NA
SDSC_ISG-TrendModel,IS,natural,NA
UMass-MechBayes,IS,natural,NA
UMass-SemiMech,IS,natural,NA
USC-SIkJalpha,IS,natural,NA
epiforecasts-EpiExpert,IS,natural,NA
epiforecasts-EpiExpert_Rt,IS,natural,NA
epiforecasts-EpiExpert_direct,IS,natural,NA
epiforecasts-EpiNow2,IS,natural,NA
EuroCOVIDhub-baseline,IT,log,2.5823805687221526
EuroCOVIDhub-ensemble,IT,log,1
IEM_Health-CovidProject,IT,log,1.6099266352481914
ILM-EKF,IT,log,1.2716635755375776
Imperial-DeCa,IT,log,1.2642387867515053
Imperial-RtI0,IT,log,1.6536148302567737
Imperial-sbkp,IT,log,1.3495832532741119
JBUD-HMXK,IT,log,3.6503371323725107
Karlen-pypm,IT,log,1.4789748395788904
LANL-GrowthRate,IT,log,1.0311145978645002
MUNI-ARIMA,IT,log,1.6382359222289777
MUNI-LaggedRegARIMA,IT,log,1.4219144884989905
MUNI-VAR,IT,log,1.1647970527921891
RobertWalraven-ESG,IT,log,1.6264085653627596
SDSC_ISG-TrendModel,IT,log,1.6305996412041661
UMass-MechBayes,IT,log,1.4711859181032836
UMass-SemiMech,IT,log,1.2221309117016361
USC-SIkJalpha,IT,log,1.3341829642305822
UpgUmibUsi-MultiBayes,IT,log,1.2414119151685603
bisop-seirfilterlite,IT,log,1.8876232621428812
epiMOX-SUIHTER,IT,log,0.7445282225147221
epiforecasts-EpiExpert,IT,log,2.383777969174042
epiforecasts-EpiExpert_Rt,IT,log,2.3391488548217874
epiforecasts-EpiNow2,IT,log,1.6243013029380728
prolix-euclidean,IT,log,1.4783058030746015
EuroCOVIDhub-baseline,IT,natural,1.9630118983175215
EuroCOVIDhub-ensemble,IT,natural,1
IEM_Health-CovidProject,IT,natural,1.847554451072486
ILM-EKF,IT,natural,1.758519487509828
Imperial-DeCa,IT,natural,1.02403967451747
Imperial-RtI0,IT,natural,2.21830077354875
Imperial-sbkp,IT,natural,1.644885263055464
JBUD-HMXK,IT,natural,4.875061909596725
Karlen-pypm,IT,natural,1.6418348340307949
LANL-GrowthRate,IT,natural,0.850135385136093
MUNI-ARIMA,IT,natural,1.2734245997708749
MUNI-LaggedRegARIMA,IT,natural,1.2037140108963167
MUNI-VAR,IT,natural,1.3378538343323534
RobertWalraven-ESG,IT,natural,1.4392530208774053
SDSC_ISG-TrendModel,IT,natural,1.6204947105445977
UMass-MechBayes,IT,natural,1.791167912446877
UMass-SemiMech,IT,natural,1.408389033448307
USC-SIkJalpha,IT,natural,1.4987888318316505
UpgUmibUsi-MultiBayes,IT,natural,1.25350576821913
bisop-seirfilterlite,IT,natural,1.7375371652900755
epiMOX-SUIHTER,IT,natural,0.6418637457022442
epiforecasts-EpiExpert,IT,natural,2.655356490238536
epiforecasts-EpiExpert_Rt,IT,natural,2.3143196226956713
epiforecasts-EpiNow2,IT,natural,1.7057373855514915
prolix-euclidean,IT,natural,0.9780140900456046
EuroCOVIDhub-baseline,LI,log,1.3358766584990773
EuroCOVIDhub-ensemble,LI,log,1
IEM_Health-CovidProject,LI,log,1.8615731448441886
ILM-EKF,LI,log,1.4635492877602998
LANL-GrowthRate,LI,log,0.7873870038783913
MUNI-ARIMA,LI,log,0.89073020168005
MUNI-LaggedRegARIMA,LI,log,0.7454028577100987
MUNI-VAR,LI,log,0.936023282629523
RobertWalraven-ESG,LI,log,1.2653237455493829
SDSC_ISG-TrendModel,LI,log,1.2808067523074962
UMass-MechBayes,LI,log,0.9993036666348925
UMass-SemiMech,LI,log,1.0425134585820433
USC-SIkJalpha,LI,log,0
epiforecasts-EpiExpert,LI,log,Inf
epiforecasts-EpiNow2,LI,log,1.3088460497110777
EuroCOVIDhub-baseline,LI,natural,1.3386934447150274
EuroCOVIDhub-ensemble,LI,natural,1
IEM_Health-CovidProject,LI,natural,3.2713337619872367
ILM-EKF,LI,natural,1.8294575596411609
LANL-GrowthRate,LI,natural,0.7400288563968276
MUNI-ARIMA,LI,natural,0.8186150127493783
MUNI-LaggedRegARIMA,LI,natural,0.46718625096692773
MUNI-VAR,LI,natural,0.5676684553343277
RobertWalraven-ESG,LI,natural,1.2633609080745023
SDSC_ISG-TrendModel,LI,natural,1.275710113782732
UMass-MechBayes,LI,natural,1.0179091290725522
UMass-SemiMech,LI,natural,1.0127575110894655
USC-SIkJalpha,LI,natural,0
epiforecasts-EpiExpert,LI,natural,Inf
epiforecasts-EpiNow2,LI,natural,1.3582270180232898
EuroCOVIDhub-baseline,LT,log,1.4093691852105932
EuroCOVIDhub-ensemble,LT,log,1
IEM_Health-CovidProject,LT,log,1.3374112883432179
ILM-EKF,LT,log,1.3491672587421424
Imperial-DeCa,LT,log,1.2291023211812595
Imperial-RtI0,LT,log,3.067822191964805
Imperial-sbkp,LT,log,1.5775813521970508
JBUD-HMXK,LT,log,2.711812462837252
Karlen-pypm,LT,log,1.449275420272449
LANL-GrowthRate,LT,log,2.1065385570640163
MUNI-ARIMA,LT,log,1.4429907069254155
MUNI-LaggedRegARIMA,LT,log,1.3081053962448441
MUNI-VAR,LT,log,1.4184702394202793
RobertWalraven-ESG,LT,log,1.3689719457697962
SDSC_ISG-TrendModel,LT,log,1.6392412706731905
UMass-MechBayes,LT,log,0.956205169396295
UMass-SemiMech,LT,log,1.2469645123405881
USC-SIkJalpha,LT,log,1.3043801255025667
bisop-seirfilterlite,LT,log,2.086176046521382
epiforecasts-EpiExpert,LT,log,2.2619594585253067
epiforecasts-EpiNow2,LT,log,1.2241249216171723
EuroCOVIDhub-baseline,LT,natural,1.3168064298934923
EuroCOVIDhub-ensemble,LT,natural,1
IEM_Health-CovidProject,LT,natural,1.5358099899319346
ILM-EKF,LT,natural,3.268379960488518
Imperial-DeCa,LT,natural,1.2968578880775592
Imperial-RtI0,LT,natural,3.5683087560791
Imperial-sbkp,LT,natural,1.8508554417898722
JBUD-HMXK,LT,natural,2.7170805582954727
Karlen-pypm,LT,natural,2.1420410084305086
LANL-GrowthRate,LT,natural,1.8397256595700227
MUNI-ARIMA,LT,natural,1.2620375176092147
MUNI-LaggedRegARIMA,LT,natural,1.3779850815345323
MUNI-VAR,LT,natural,1.4156496109732775
RobertWalraven-ESG,LT,natural,1.223756435556775
SDSC_ISG-TrendModel,LT,natural,1.7925046338685195
UMass-MechBayes,LT,natural,1.1549024544924325
UMass-SemiMech,LT,natural,1.4395455542862472
USC-SIkJalpha,LT,natural,1.5470410487660688
bisop-seirfilterlite,LT,natural,2.749870021188296
epiforecasts-EpiExpert,LT,natural,2.595352787938118
epiforecasts-EpiNow2,LT,natural,1.5492905559150572
EuroCOVIDhub-baseline,LU,log,1.119035477707673
EuroCOVIDhub-ensemble,LU,log,1
IEM_Health-CovidProject,LU,log,1.3342230265512205
ILM-EKF,LU,log,1.2051902181459868
JBUD-HMXK,LU,log,2.5765823807638664
Karlen-pypm,LU,log,1.195826553014337
LANL-GrowthRate,LU,log,1.3896440942742254
MUNI-ARIMA,LU,log,1.1473305130791382
MUNI-LaggedRegARIMA,LU,log,1.0195632810782387
MUNI-VAR,LU,log,1.2382384206987707
RobertWalraven-ESG,LU,log,1.0625389781169319
SDSC_ISG-TrendModel,LU,log,1.6725046794818554
UMass-MechBayes,LU,log,1.146896936750954
UMass-SemiMech,LU,log,1.0968393253900393
USC-SIkJalpha,LU,log,1.223878899405991
epiforecasts-EpiExpert,LU,log,1.3639466878793798
epiforecasts-EpiNow2,LU,log,1.0631059962428777
prolix-euclidean,LU,log,1.925660801057087
EuroCOVIDhub-baseline,LU,natural,1.0936042687918097
EuroCOVIDhub-ensemble,LU,natural,1
IEM_Health-CovidProject,LU,natural,1.6395491426776245
ILM-EKF,LU,natural,1.599309649470713
JBUD-HMXK,LU,natural,1.6250573579859047
Karlen-pypm,LU,natural,1.0606357074184842
LANL-GrowthRate,LU,natural,1.2548937699471052
MUNI-ARIMA,LU,natural,1.1246588978254481
MUNI-LaggedRegARIMA,LU,natural,1.0185624720009308
MUNI-VAR,LU,natural,1.202016589516806
RobertWalraven-ESG,LU,natural,0.8908826662236944
SDSC_ISG-TrendModel,LU,natural,1.4462716338098587
UMass-MechBayes,LU,natural,1.1032352264182241
UMass-SemiMech,LU,natural,0.9282410737785116
USC-SIkJalpha,LU,natural,1.2229926565785445
epiforecasts-EpiExpert,LU,natural,1.434651394127934
epiforecasts-EpiNow2,LU,natural,1.1743499214211428
prolix-euclidean,LU,natural,1.4702241971803809
EuroCOVIDhub-baseline,LV,log,1.5318052604358028
EuroCOVIDhub-ensemble,LV,log,1
IEM_Health-CovidProject,LV,log,1.483198048262495
ILM-EKF,LV,log,1.0564417041977467
Imperial-DeCa,LV,log,1.4127390195159306
Imperial-RtI0,LV,log,1.7418750010526887
Imperial-sbkp,LV,log,1.5619968031396874
JBUD-HMXK,LV,log,2.782599715863972
Karlen-pypm,LV,log,1.0264885874915293
LANL-GrowthRate,LV,log,2.102161981551986
MUNI-ARIMA,LV,log,1.494801821738728
MUNI-LaggedRegARIMA,LV,log,1.1489558595490517
MUNI-VAR,LV,log,1.0701279095947132
RobertWalraven-ESG,LV,log,1.5285036770915374
SDSC_ISG-TrendModel,LV,log,1.2220969940886572
UMass-MechBayes,LV,log,1.0922906950698865
UMass-SemiMech,LV,log,1.0507415707357648
USC-SIkJalpha,LV,log,1.0477758832453374
bisop-seirfilterlite,LV,log,1.3402112691770465
epiforecasts-EpiExpert,LV,log,0.9448393825350198
epiforecasts-EpiNow2,LV,log,0.8864307438204869
EuroCOVIDhub-baseline,LV,natural,1.5432866332577477
EuroCOVIDhub-ensemble,LV,natural,1
IEM_Health-CovidProject,LV,natural,1.815988221983186
ILM-EKF,LV,natural,1.2755522882409687
Imperial-DeCa,LV,natural,1.3947731058202177
Imperial-RtI0,LV,natural,1.843561539148634
Imperial-sbkp,LV,natural,1.7415946277986027
JBUD-HMXK,LV,natural,2.0379186324466563
Karlen-pypm,LV,natural,0.9587753421861708
LANL-GrowthRate,LV,natural,2.068008371367851
MUNI-ARIMA,LV,natural,1.6148953748379828
MUNI-LaggedRegARIMA,LV,natural,1.330934759660133
MUNI-VAR,LV,natural,1.1524202276142281
RobertWalraven-ESG,LV,natural,1.5514620320892045
SDSC_ISG-TrendModel,LV,natural,1.108941814625761
UMass-MechBayes,LV,natural,1.0590010117368915
UMass-SemiMech,LV,natural,1.1123545161589112
USC-SIkJalpha,LV,natural,1.1339894889725777
bisop-seirfilterlite,LV,natural,1.3272646294436958
epiforecasts-EpiExpert,LV,natural,1.0140590633333242
epiforecasts-EpiNow2,LV,natural,1.0099751510394501
EuroCOVIDhub-baseline,MT,log,1.216555538813596
EuroCOVIDhub-ensemble,MT,log,1
IEM_Health-CovidProject,MT,log,1.372853614025313
ILM-EKF,MT,log,1.43702361125556
LANL-GrowthRate,MT,log,1.5563718184717428
MUNI-ARIMA,MT,log,1.1929072914116456
MUNI-LaggedRegARIMA,MT,log,1.4463052518944444
MUNI-VAR,MT,log,1.011235463984126
RobertWalraven-ESG,MT,log,1.0532519329296186
SDSC_ISG-TrendModel,MT,log,1.3737445655107985
UMass-MechBayes,MT,log,1.0672951754438305
UMass-SemiMech,MT,log,1.1801062115610805
USC-SIkJalpha,MT,log,1.2733436909799785
bisop-seirfilterlite,MT,log,0.8425728801605331
epiforecasts-EpiExpert,MT,log,1.3355104898091519
epiforecasts-EpiNow2,MT,log,1.0348234878481437
prolix-euclidean,MT,log,3.639734129555813
EuroCOVIDhub-baseline,MT,natural,1.1961419606581152
EuroCOVIDhub-ensemble,MT,natural,1
IEM_Health-CovidProject,MT,natural,1.7967727583724928
ILM-EKF,MT,natural,2.3593209227194714
LANL-GrowthRate,MT,natural,1.5179836834330447
MUNI-ARIMA,MT,natural,1.1035237163956346
MUNI-LaggedRegARIMA,MT,natural,1.4680373935901754
MUNI-VAR,MT,natural,1.1143808755939784
RobertWalraven-ESG,MT,natural,1.0206384058957068
SDSC_ISG-TrendModel,MT,natural,1.5291688111311197
UMass-MechBayes,MT,natural,1.168123333261852
UMass-SemiMech,MT,natural,1.6856990577452693
USC-SIkJalpha,MT,natural,1.5793363767233
bisop-seirfilterlite,MT,natural,0.6736735875322277
epiforecasts-EpiExpert,MT,natural,1.6806594909895074
epiforecasts-EpiNow2,MT,natural,1.384911526291041
prolix-euclidean,MT,natural,4.27521714517824
EuroCOVIDhub-baseline,NL,log,1.5871781898113582
EuroCOVIDhub-ensemble,NL,log,1
IEM_Health-CovidProject,NL,log,1.2888504831734469
ILM-EKF,NL,log,1.6544525474349427
Imperial-DeCa,NL,log,1.150190743219216
Imperial-RtI0,NL,log,1.2013306482729962
Imperial-sbkp,NL,log,1.005062587824373
JBUD-HMXK,NL,log,2.405658400948448
Karlen-pypm,NL,log,1.8951249704523587
LANL-GrowthRate,NL,log,1.0643923347292874
MUNI-ARIMA,NL,log,1.3021133194991379
MUNI-LaggedRegARIMA,NL,log,0.9161067784458699
MUNI-VAR,NL,log,1.0489318758841255
RobertWalraven-ESG,NL,log,1.1660694602399926
SDSC_ISG-TrendModel,NL,log,1.48630480183181
UMass-MechBayes,NL,log,1.4048730802812732
UMass-SemiMech,NL,log,1.5383165343315446
USC-SIkJalpha,NL,log,1.3950290833071286
bisop-seirfilterlite,NL,log,1.839064650547318
epiforecasts-EpiExpert,NL,log,0.8686983025670104
epiforecasts-EpiExpert_Rt,NL,log,1.3606222245980657
epiforecasts-EpiExpert_direct,NL,log,1.0047805997544732
epiforecasts-EpiNow2,NL,log,1.289736271498277
EuroCOVIDhub-baseline,NL,natural,1.1449674867113875
EuroCOVIDhub-ensemble,NL,natural,1
IEM_Health-CovidProject,NL,natural,1.3995063965471328
ILM-EKF,NL,natural,91.43525668998531
Imperial-DeCa,NL,natural,1.4880602526442355
Imperial-RtI0,NL,natural,1.755674174445494
Imperial-sbkp,NL,natural,1.2584917963567326
JBUD-HMXK,NL,natural,0.5884582514256275
Karlen-pypm,NL,natural,2.3048340780623042
LANL-GrowthRate,NL,natural,0.9653811702125324
MUNI-ARIMA,NL,natural,1.052704560196284
MUNI-LaggedRegARIMA,NL,natural,0.9753699557287215
MUNI-VAR,NL,natural,1.4308332353752358
RobertWalraven-ESG,NL,natural,0.8432745665580602
SDSC_ISG-TrendModel,NL,natural,0.8312729311562841
UMass-MechBayes,NL,natural,2.4933629150525483
UMass-SemiMech,NL,natural,3.268563731952151
USC-SIkJalpha,NL,natural,1.5178235531498814
bisop-seirfilterlite,NL,natural,2.848567332461291
epiforecasts-EpiExpert,NL,natural,0.9544341326025831
epiforecasts-EpiExpert_Rt,NL,natural,1.8060516804470699
epiforecasts-EpiExpert_direct,NL,natural,1.0561819171969569
epiforecasts-EpiNow2,NL,natural,1.4698339896525727
EuroCOVIDhub-baseline,NO,log,1.0993956824441755
EuroCOVIDhub-ensemble,NO,log,1
IEM_Health-CovidProject,NO,log,1.434488205370708
ILM-EKF,NO,log,1.1645014770270599
Imperial-DeCa,NO,log,0.8614387463806662
Imperial-RtI0,NO,log,5.316967021296074
Imperial-sbkp,NO,log,1.3240937277262617
JBUD-HMXK,NO,log,2.568752539138986
Karlen-pypm,NO,log,1.0465102056764948
LANL-GrowthRate,NO,log,1.4790538959785797
MUNI-ARIMA,NO,log,1.16548514507821
MUNI-LaggedRegARIMA,NO,log,0.5325555093575997
MUNI-VAR,NO,log,1.1500600222236017
RobertWalraven-ESG,NO,log,1.4768816578662505
SDSC_ISG-TrendModel,NO,log,1.5323615209278576
UMass-MechBayes,NO,log,1.2324992338002496
UMass-SemiMech,NO,log,1.1005985322323568
USC-SIkJalpha,NO,log,1.1889500829802802
bisop-seirfilterlite,NO,log,1.0864526047501823
epiforecasts-EpiExpert,NO,log,0.89152900470129115
epiforecasts-EpiNow2,NO,log,1.339227577170243
EuroCOVIDhub-baseline,NO,natural,1.1168797580737195
EuroCOVIDhub-ensemble,NO,natural,1
IEM_Health-CovidProject,NO,natural,1.6034975748565843
ILM-EKF,NO,natural,1.3820649300994632
Imperial-DeCa,NO,natural,0.9132388391657604
Imperial-RtI0,NO,natural,3.381919391598421
Imperial-sbkp,NO,natural,1.2901830809747863
JBUD-HMXK,NO,natural,1.5854887754501683
Karlen-pypm,NO,natural,1.0926419393009486
LANL-GrowthRate,NO,natural,1.4127497598029803
MUNI-ARIMA,NO,natural,1.097556391646625
MUNI-LaggedRegARIMA,NO,natural,0.4616024099474754
MUNI-VAR,NO,natural,1.1694312446961603
RobertWalraven-ESG,NO,natural,1.2273751576397942
SDSC_ISG-TrendModel,NO,natural,1.3660523167366547
UMass-MechBayes,NO,natural,1.2816903242150508
UMass-SemiMech,NO,natural,0.9612881218757767
USC-SIkJalpha,NO,natural,1.1201279121201106
bisop-seirfilterlite,NO,natural,1.1986784418380603
epiforecasts-EpiExpert,NO,natural,0.8860029830626365
epiforecasts-EpiNow2,NO,natural,1.4672993464024497
EuroCOVIDhub-baseline,PL,log,3.298297214144213
EuroCOVIDhub-ensemble,PL,log,1
ICM-agentModel,PL,log,2.195640812658226
IEM_Health-CovidProject,PL,log,2.1259101103690137
ILM-EKF,PL,log,1.2125726127771566
ITWW-county_repro,PL,log,1.5280084787618269
Imperial-DeCa,PL,log,1.440845961949074
Imperial-RtI0,PL,log,2.0670391824267145
Imperial-sbkp,PL,log,1.7465885609160163
JBUD-HMXK,PL,log,3.990312607563361
Karlen-pypm,PL,log,1.3704209592116856
LANL-GrowthRate,PL,log,1.7423979334279664
MIMUW-StochSEIR,PL,log,1.0773637716079398
MIT_CovidAnalytics-DELPHI,PL,log,1.8562400230889915
MOCOS-agent1,PL,log,1.0128702595476222
MUNI-ARIMA,PL,log,2.563747134299895
MUNI-LaggedRegARIMA,PL,log,2.570555161410257
MUNI-VAR,PL,log,1.9901512386504538
RobertWalraven-ESG,PL,log,2.62795313276257
SDSC_ISG-TrendModel,PL,log,1.5271442136591151
UMass-MechBayes,PL,log,1.1306653882606805
UMass-SemiMech,PL,log,1.2338770033780646
USC-SIkJalpha,PL,log,1.4530960458491318
bisop-seirfilterlite,PL,log,3.1385955589367533
epiforecasts-EpiExpert,PL,log,1.441233845765963
epiforecasts-EpiExpert_Rt,PL,log,1.9502324402876312
epiforecasts-EpiExpert_direct,PL,log,1.8168059437994526
epiforecasts-EpiNow2,PL,log,1.5916047012638423
EuroCOVIDhub-baseline,PL,natural,2.367971462749294
EuroCOVIDhub-ensemble,PL,natural,1
ICM-agentModel,PL,natural,1.8738675009425887
IEM_Health-CovidProject,PL,natural,3.1319173356484655
ILM-EKF,PL,natural,1.4632717274584714
ITWW-county_repro,PL,natural,2.0182163174858445
Imperial-DeCa,PL,natural,1.79919170281144
Imperial-RtI0,PL,natural,2.4556927676056137
Imperial-sbkp,PL,natural,2.8432561442355957
JBUD-HMXK,PL,natural,3.0268961449375333
Karlen-pypm,PL,natural,1.8920080682620315
LANL-GrowthRate,PL,natural,1.1596895858762368
MIMUW-StochSEIR,PL,natural,1.3366699909461808
MIT_CovidAnalytics-DELPHI,PL,natural,1.5474725575334147
MOCOS-agent1,PL,natural,0.9840824653596604
MUNI-ARIMA,PL,natural,1.6408037735389123
MUNI-LaggedRegARIMA,PL,natural,2.6089335587766147
MUNI-VAR,PL,natural,1.8468811475778033
RobertWalraven-ESG,PL,natural,2.289744611618236
SDSC_ISG-TrendModel,PL,natural,1.3842442815840101
UMass-MechBayes,PL,natural,1.4097916826219965
UMass-SemiMech,PL,natural,1.7231685463452608
USC-SIkJalpha,PL,natural,1.5515080858066352
bisop-seirfilterlite,PL,natural,2.954344866668809
epiforecasts-EpiExpert,PL,natural,1.580016825582279
epiforecasts-EpiExpert_Rt,PL,natural,1.3651862547284257
epiforecasts-EpiExpert_direct,PL,natural,2.4872073261566134
epiforecasts-EpiNow2,PL,natural,2.0218472590791583
EuroCOVIDhub-baseline,PT,log,1.4983012956540076
EuroCOVIDhub-ensemble,PT,log,1
IEM_Health-CovidProject,PT,log,1.113244941777171
ILM-EKF,PT,log,1.3196162554320374
Imperial-DeCa,PT,log,0.8456547672129642
Imperial-RtI0,PT,log,0.9890520377719565
Imperial-sbkp,PT,log,0.9613913390215161
JBUD-HMXK,PT,log,1.5679677477686549
Karlen-pypm,PT,log,1.1996419655666717
LANL-GrowthRate,PT,log,1.6462108197448746
MUNI-ARIMA,PT,log,1.9670375709380912
MUNI-LaggedRegARIMA,PT,log,1.3712332195604415
MUNI-VAR,PT,log,1.2647218185839955
RobertWalraven-ESG,PT,log,1.3995507915518597
SDSC_ISG-TrendModel,PT,log,1.0352216142931154
UMass-MechBayes,PT,log,1.204661130999405
UMass-SemiMech,PT,log,1.2350570148891828
USC-SIkJalpha,PT,log,1.255508694512323
bisop-seirfilterlite,PT,log,2.566292959258977
epiforecasts-EpiExpert,PT,log,1.082106003012527
epiforecasts-EpiExpert_Rt,PT,log,1.459353843609786
epiforecasts-EpiExpert_direct,PT,log,0.6856619034501572
epiforecasts-EpiNow2,PT,log,1.2882008739218591
prolix-euclidean,PT,log,4.818937879722814
EuroCOVIDhub-baseline,PT,natural,1.3583800523061125
EuroCOVIDhub-ensemble,PT,natural,1
IEM_Health-CovidProject,PT,natural,1.2198572963875327
ILM-EKF,PT,natural,29.6995529225374
Imperial-DeCa,PT,natural,1.277081900376784
Imperial-RtI0,PT,natural,1.6452819628348834
Imperial-sbkp,PT,natural,1.4141139566607028
JBUD-HMXK,PT,natural,1.5493099455945534
Karlen-pypm,PT,natural,2.0445606493644553
LANL-GrowthRate,PT,natural,2.170410439691848
MUNI-ARIMA,PT,natural,1.8901048038639086
MUNI-LaggedRegARIMA,PT,natural,1.6611958412497767
MUNI-VAR,PT,natural,1.8040694033281306
RobertWalraven-ESG,PT,natural,1.0696774210904594
SDSC_ISG-TrendModel,PT,natural,0.6949826519191163
UMass-MechBayes,PT,natural,1.768015570475559
UMass-SemiMech,PT,natural,1.9907150274161989
USC-SIkJalpha,PT,natural,1.509620987918718
bisop-seirfilterlite,PT,natural,5.718838751932231
epiforecasts-EpiExpert,PT,natural,1.6425853215730948
epiforecasts-EpiExpert_Rt,PT,natural,2.2888818391821473
epiforecasts-EpiExpert_direct,PT,natural,0.9312018107169088
epiforecasts-EpiNow2,PT,natural,2.3005213248972947
prolix-euclidean,PT,natural,6.635197300395828
EuroCOVIDhub-baseline,RO,log,1.9942111822706947
EuroCOVIDhub-ensemble,RO,log,1
IEM_Health-CovidProject,RO,log,1.4170370693622445
ILM-EKF,RO,log,1.1075092821790038
Imperial-DeCa,RO,log,2.0392281429069192
Imperial-RtI0,RO,log,2.0224747589041376
Imperial-sbkp,RO,log,2.175780396327031
JBUD-HMXK,RO,log,2.212208438896091
Karlen-pypm,RO,log,3.462496795034397
LANL-GrowthRate,RO,log,1.3863797022453428
MUNI-ARIMA,RO,log,1.482976694213494
MUNI-LaggedRegARIMA,RO,log,0.6948548899760736
MUNI-VAR,RO,log,1.05912699795521
RobertWalraven-ESG,RO,log,1.8441264476228714
SDSC_ISG-TrendModel,RO,log,1.6494372510469821
UMass-MechBayes,RO,log,1.3929165281592122
UMass-SemiMech,RO,log,1.0294696709350846
USC-SIkJalpha,RO,log,1.2517583386381326
bisop-seirfilterlite,RO,log,3.6648318808479057
epiforecasts-EpiExpert,RO,log,2.7195927497037515
epiforecasts-EpiNow2,RO,log,1.3806705574154174
EuroCOVIDhub-baseline,RO,natural,2.113397882335258
EuroCOVIDhub-ensemble,RO,natural,1
IEM_Health-CovidProject,RO,natural,1.8154211244782954
ILM-EKF,RO,natural,1.3525868215020236
Imperial-DeCa,RO,natural,1.5968373618840455
Imperial-RtI0,RO,natural,1.6384832786381662
Imperial-sbkp,RO,natural,1.7813016876537981
JBUD-HMXK,RO,natural,1.6413541145657262
Karlen-pypm,RO,natural,1.7167941897947447
LANL-GrowthRate,RO,natural,1.1934150825706529
MUNI-ARIMA,RO,natural,1.426462121439731
MUNI-LaggedRegARIMA,RO,natural,0.5957329355843508
MUNI-VAR,RO,natural,0.8964653383991028
RobertWalraven-ESG,RO,natural,1.6753194697797513
SDSC_ISG-TrendModel,RO,natural,1.3011193974443256
UMass-MechBayes,RO,natural,1.4168032769359618
UMass-SemiMech,RO,natural,1.1266347510404855
USC-SIkJalpha,RO,natural,1.452654949242282
bisop-seirfilterlite,RO,natural,2.869073324367429
epiforecasts-EpiExpert,RO,natural,2.4255865189801225
epiforecasts-EpiNow2,RO,natural,1.662425322348014
EuroCOVIDhub-baseline,SE,log,1.5493299948736676
EuroCOVIDhub-ensemble,SE,log,1
IEM_Health-CovidProject,SE,log,1.4689936276761737
ILM-EKF,SE,log,1.0392048202256041
Imperial-DeCa,SE,log,3.946061241320228
Imperial-RtI0,SE,log,5.193542561744959
Imperial-sbkp,SE,log,5.485052148463863
JBUD-HMXK,SE,log,2.659029790463019
Karlen-pypm,SE,log,1.59433054143722
LANL-GrowthRate,SE,log,1.2663743533416878
MUNI-ARIMA,SE,log,1.374672807301319
MUNI-LaggedRegARIMA,SE,log,1.618619782389572
MUNI-VAR,SE,log,0.6924385993681
RobertWalraven-ESG,SE,log,1.1352801923501659
SDSC_ISG-TrendModel,SE,log,1.9515269415912362
UMass-MechBayes,SE,log,1.5337451153940969
UMass-SemiMech,SE,log,1.4677548129050926
USC-SIkJalpha,SE,log,1.1320693683417713
bisop-seirfilterlite,SE,log,1.7742037059551663
epiforecasts-EpiExpert,SE,log,1.2030479293473513
epiforecasts-EpiExpert_Rt,SE,log,0.7798320175966738
epiforecasts-EpiExpert_direct,SE,log,1.4196807036916523
epiforecasts-EpiNow2,SE,log,1.2690577482758867
EuroCOVIDhub-baseline,SE,natural,1.3402260170759825
EuroCOVIDhub-ensemble,SE,natural,1
IEM_Health-CovidProject,SE,natural,1.8746857416765716
ILM-EKF,SE,natural,1.4812585155936286
Imperial-DeCa,SE,natural,3.030852814133242
Imperial-RtI0,SE,natural,3.420035456489541
Imperial-sbkp,SE,natural,3.502420271582034
JBUD-HMXK,SE,natural,1.7880981167605121
Karlen-pypm,SE,natural,1.7149142191007243
LANL-GrowthRate,SE,natural,1.0963604492213432
MUNI-ARIMA,SE,natural,1.2741810429593965
MUNI-LaggedRegARIMA,SE,natural,1.5521785872701994
MUNI-VAR,SE,natural,0.7101807770904265
RobertWalraven-ESG,SE,natural,0.8972002351764324
SDSC_ISG-TrendModel,SE,natural,1.6370552371067588
UMass-MechBayes,SE,natural,2.4201848122079164
UMass-SemiMech,SE,natural,2.2028767926417356
USC-SIkJalpha,SE,natural,1.092276626744739
bisop-seirfilterlite,SE,natural,1.2161649179726035
epiforecasts-EpiExpert,SE,natural,0.8091773626945242
epiforecasts-EpiExpert_Rt,SE,natural,0.855222573965295
epiforecasts-EpiExpert_direct,SE,natural,1.001530653350642
epiforecasts-EpiNow2,SE,natural,1.9024839912015203
EuroCOVIDhub-baseline,SI,log,1.5274622077751405
EuroCOVIDhub-ensemble,SI,log,1
IEM_Health-CovidProject,SI,log,1.373946583217014
ILM-EKF,SI,log,1.3421855932505464
Imperial-DeCa,SI,log,2.9913678551898966
Imperial-RtI0,SI,log,7.718753145842546
Imperial-sbkp,SI,log,6.9474249292724135
JBUD-HMXK,SI,log,2.408645594949403
Karlen-pypm,SI,log,0.9955569751100668
LANL-GrowthRate,SI,log,2.068438616454038
MUNI-ARIMA,SI,log,1.778894861704236
MUNI-LaggedRegARIMA,SI,log,1.1154508441267035
MUNI-VAR,SI,log,0.6701756225442363
RobertWalraven-ESG,SI,log,1.399526370500467
SDSC_ISG-TrendModel,SI,log,2.280622356016561
ULZF-SEIRC19SI,SI,log,1.2335794017171806
UMass-MechBayes,SI,log,0.9539285325979888
UMass-SemiMech,SI,log,0.9913470537401645
USC-SIkJalpha,SI,log,1.126388503998111
bisop-seirfilterlite,SI,log,1.9221168399248847
epiforecasts-EpiExpert,SI,log,2.1069747547765703
epiforecasts-EpiNow2,SI,log,1.2385661309188547
prolix-euclidean,SI,log,3.8922914092996597
EuroCOVIDhub-baseline,SI,natural,1.4107878889539707
EuroCOVIDhub-ensemble,SI,natural,1
IEM_Health-CovidProject,SI,natural,1.5828435895670154
ILM-EKF,SI,natural,2.1819476419766444
Imperial-DeCa,SI,natural,2.0854925376791504
Imperial-RtI0,SI,natural,4.477949243962193
Imperial-sbkp,SI,natural,4.333481649657449
JBUD-HMXK,SI,natural,2.743366960210554
Karlen-pypm,SI,natural,1.075885361763585
LANL-GrowthRate,SI,natural,1.8877190116383473
MUNI-ARIMA,SI,natural,2.2082747666355718
MUNI-LaggedRegARIMA,SI,natural,1.022009553879928
MUNI-VAR,SI,natural,0.7765096241203299
RobertWalraven-ESG,SI,natural,1.2233071023592539
SDSC_ISG-TrendModel,SI,natural,2.2280610974389536
ULZF-SEIRC19SI,SI,natural,1.1670980612499757
UMass-MechBayes,SI,natural,0.9790204182273652
UMass-SemiMech,SI,natural,1.1108882221815501
USC-SIkJalpha,SI,natural,1.1965284115608614
bisop-seirfilterlite,SI,natural,1.846913207284449
epiforecasts-EpiExpert,SI,natural,1.911691959172584
epiforecasts-EpiNow2,SI,natural,1.7043156879219659
prolix-euclidean,SI,natural,2.8097234046141075
EuroCOVIDhub-baseline,SK,log,1.3913724994602867
EuroCOVIDhub-ensemble,SK,log,1
IEM_Health-CovidProject,SK,log,1.5357863841590087
ILM-EKF,SK,log,0.980349495703951
Imperial-DeCa,SK,log,1.1714287073046348
Imperial-RtI0,SK,log,2.2428779438723145
Imperial-sbkp,SK,log,2.222855390882128
JBUD-HMXK,SK,log,2.4696917773150147
Karlen-pypm,SK,log,1.0722136310482229
LANL-GrowthRate,SK,log,1.577639180138458
MUNI-ARIMA,SK,log,1.2293430529072071
MUNI-LaggedRegARIMA,SK,log,0.8023998423652561
MUNI-VAR,SK,log,1.290106207581668
RobertWalraven-ESG,SK,log,1.1802049913729085
SDSC_ISG-TrendModel,SK,log,1.4016049596429796
UMass-MechBayes,SK,log,0.9423361218248236
UMass-SemiMech,SK,log,1.0401784301748225
USC-SIkJalpha,SK,log,1.0849661442097134
bisop-seirfilterlite,SK,log,4.054382205758649
epiforecasts-EpiExpert,SK,log,1.2172391307251436
epiforecasts-EpiExpert_Rt,SK,log,0.9068411068515861
epiforecasts-EpiExpert_direct,SK,log,0.9521874940975619
epiforecasts-EpiNow2,SK,log,0.9943505689560272
EuroCOVIDhub-baseline,SK,natural,1.5352780055211568
EuroCOVIDhub-ensemble,SK,natural,1
IEM_Health-CovidProject,SK,natural,2.072510568853273
ILM-EKF,SK,natural,1.2094843262083466
Imperial-DeCa,SK,natural,1.0697549153640067
Imperial-RtI0,SK,natural,2.311140107818418
Imperial-sbkp,SK,natural,2.2549225818915457
JBUD-HMXK,SK,natural,1.563834670582596
Karlen-pypm,SK,natural,0.9420041449835613
LANL-GrowthRate,SK,natural,1.418845388262963
MUNI-ARIMA,SK,natural,1.2367828258862557
MUNI-LaggedRegARIMA,SK,natural,0.6987001882644784
MUNI-VAR,SK,natural,1.0817731986191257
RobertWalraven-ESG,SK,natural,1.1994663553511198
SDSC_ISG-TrendModel,SK,natural,1.3276306276745629
UMass-MechBayes,SK,natural,0.9264365990712087
UMass-SemiMech,SK,natural,1.058732211370903
USC-SIkJalpha,SK,natural,1.2165701284759824
bisop-seirfilterlite,SK,natural,2.390714288446156
epiforecasts-EpiExpert,SK,natural,1.3071085713558355
epiforecasts-EpiExpert_Rt,SK,natural,0.732197164270017
epiforecasts-EpiExpert_direct,SK,natural,0.9905465787278536
epiforecasts-EpiNow2,SK,natural,1.1971032124550054
